time,best_of_gen,average,gen
1749483072.4610918,0.0,0.0,1
1749483072.8487532,0.0,0.004,2
1749483073.2721853,0.0,0.0,3
1749483073.679963,0.0,0.002,4
1749483074.0813613,0.0,0.0,5
1749483074.4761367,0.0,0.004,6
1749483074.876908,0.0,0.002,7
1749483075.3132205,0.0,0.002,8
1749483075.7357311,0.0,0.0,9
1749483076.1416988,0.0,0.006000000000000001,10
1749483076.5822415,0.0,0.0,11
1749483076.9600883,0.0,0.004,12
1749483077.3754125,0.0,0.002,13
1749483077.8035088,0.0,0.004,14
1749483078.2243695,0.0,0.008,15
1749483078.6161885,0.0,0.01,16
1749483079.1397855,0.2,0.016,17
1749483079.5918825,0.0,0.03,18
1749483080.0536199,0.2,0.024000000000000004,19
1749483080.539428,0.0,0.05600000000000001,20
1749483081.0255158,0.6,0.084,21
1749483081.559721,0.4,0.08599999999999998,22
1749483082.0328033,0.2,0.11599999999999999,23
1749483082.552806,0.4,0.12399999999999999,24
1749483083.1295726,0.4,0.184,25
1749483086.4355426,0.6,0.16599999999999998,26
1749483087.0437067,0.0,0.218,27
1749483087.65774,0.2,0.2,28
1749483088.2313352,0.6,0.23399999999999999,29
1749483088.8725317,0.2,0.24,30
1749483089.4597826,0.4,0.27399999999999997,31
1749483090.0623631,0.4,0.29400000000000004,32
1749483090.6535797,0.2,0.256,33
1749483091.2645187,0.0,0.23800000000000004,34
1749483091.91208,0.4,0.30400000000000005,35
1749483092.5167954,0.4,0.32,36
1749483093.1278858,0.4,0.33,37
1749483093.7523212,0.4,0.34600000000000003,38
1749483094.352687,0.6,0.348,39
1749483094.978004,0.4,0.316,40
1749483095.619801,0.2,0.3399999999999999,41
1749483096.2393372,0.4,0.31799999999999995,42
1749483096.850587,0.2,0.3399999999999999,43
1749483097.4555068,0.4,0.342,44
1749483098.0685933,0.8,0.35800000000000004,45
1749483098.699369,0.4,0.32600000000000007,46
1749483099.320458,0.8,0.34800000000000003,47
1749483099.934652,0.6,0.3460000000000001,48
1749483100.5491707,0.2,0.35,49
1749483101.1817274,0.6,0.316,50
1749483101.8181312,0.0,0.35400000000000015,51
1749483105.0503373,0.4,0.32,52
1749483105.675965,0.4,0.326,53
1749483106.2863655,0.0,0.33000000000000007,54
1749483106.9213326,0.8,0.30800000000000005,55
1749483107.530347,0.4,0.32400000000000007,56
1749483108.1491048,0.4,0.296,57
1749483108.792298,0.2,0.348,58
1749483109.4243252,0.4,0.3600000000000001,59
1749483110.064792,1.0,0.3340000000000001,60
1749483110.6817758,0.0,0.3320000000000001,61
1749483111.3404422,0.4,0.358,62
1749483111.9989362,0.4,0.37999999999999995,63
1749483112.6547832,0.6,0.29600000000000004,64
1749483113.2884655,0.0,0.314,65
1749483113.9441586,0.2,0.374,66
1749483114.576244,0.4,0.30600000000000005,67
1749483115.2011216,0.8,0.34,68
1749483115.8263438,0.6,0.308,69
1749483116.4679537,0.2,0.3460000000000001,70
1749483117.114259,0.6,0.3820000000000001,71
1749483117.7702858,0.4,0.37,72
1749483118.3687673,0.0,0.3660000000000001,73
1749483119.0003436,0.6,0.316,74
1749483119.696393,0.2,0.324,75
1749483120.2888315,0.6,0.3400000000000001,76
1749483120.890916,0.4,0.31600000000000006,77
1749483124.161376,0.4,0.36800000000000005,78
1749483124.8116648,0.2,0.35800000000000004,79
1749483125.4933043,0.4,0.35400000000000004,80
1749483126.1350093,0.4,0.37200000000000005,81
1749483126.7806633,0.4,0.344,82
1749483127.44766,0.4,0.32000000000000006,83
1749483128.1192932,0.6,0.376,84
1749483128.8133326,0.6,0.37,85
1749483129.4759963,0.8,0.3600000000000001,86
1749483130.089437,0.4,0.358,87
1749483130.7308295,0.6,0.3280000000000001,88
1749483131.3508961,0.2,0.37799999999999995,89
1749483132.0538363,0.8,0.4,90
1749483132.7206056,0.2,0.41800000000000004,91
1749483133.3853538,0.2,0.3479999999999999,92
1749483134.0101473,0.6,0.3680000000000001,93
1749483134.6848197,0.4,0.354,94
1749483135.352069,0.2,0.41999999999999993,95
1749483136.0080411,0.6,0.38799999999999996,96
1749483136.701828,0.4,0.3780000000000001,97
1749483137.3725173,1.0,0.384,98
1749483138.0031023,0.2,0.38800000000000007,99
1749483138.64764,0.4,0.34,100
1749483139.286473,0.4,0.336,101
1749483139.986397,0.4,0.35200000000000004,102
1749483140.6722405,0.4,0.352,103
1749483143.9856663,0.8,0.36200000000000004,104
1749483144.6730685,0.4,0.3560000000000001,105
1749483145.3243504,0.4,0.36400000000000005,106
1749483145.998109,0.4,0.3500000000000001,107
1749483146.6885078,0.8,0.39,108
1749483147.38719,1.0,0.366,109
1749483148.0650353,0.8,0.3780000000000001,110
1749483148.7597425,0.2,0.3640000000000001,111
1749483149.493684,0.6,0.37000000000000005,112
1749483150.1968892,0.6,0.38400000000000006,113
1749483150.9139528,0.2,0.36199999999999993,114
1749483151.651407,0.6,0.39000000000000007,115
1749483152.3607562,0.2,0.374,116
1749483153.0601478,0.4,0.344,117
1749483153.7497282,0.2,0.414,118
1749483154.463612,0.2,0.35000000000000014,119
1749483155.1553452,0.0,0.4120000000000001,120
1749483155.8441553,0.6,0.434,121
1749483156.5431387,0.8,0.396,122
1749483157.2766824,0.4,0.3920000000000001,123
1749483158.001838,0.4,0.424,124
1749483158.6972756,0.8,0.3660000000000001,125
1749483159.4003654,0.4,0.36200000000000004,126
1749483160.114577,0.2,0.4,127
1749483160.8378658,0.6,0.342,128
1749483161.5381343,0.2,0.34199999999999997,129
1749483164.8497598,0.2,0.39000000000000007,130
1749483165.5494406,0.8,0.39000000000000007,131
1749483166.248904,0.8,0.38199999999999995,132
1749483166.9346037,0.4,0.3400000000000001,133
1749483167.6470985,0.4,0.3640000000000001,134
1749483168.3110354,0.4,0.38,135
1749483169.01221,0.6,0.34800000000000003,136
1749483169.842919,0.4,0.33799999999999997,137
1749483170.5583205,0.8,0.39799999999999996,138
1749483171.2975702,0.4,0.35,139
1749483172.0124733,0.2,0.40199999999999997,140
1749483172.6953964,0.8,0.32800000000000007,141
1749483173.3944273,0.4,0.312,142
1749483174.1253343,0.6,0.36400000000000005,143
1749483174.8741832,0.4,0.3560000000000001,144
1749483175.5910168,1.0,0.37,145
1749483176.3431478,0.4,0.33,146
1749483177.060446,0.6,0.3340000000000001,147
1749483177.7506504,0.8,0.3480000000000001,148
1749483178.4495401,0.2,0.32599999999999996,149
1749483179.166689,0.6,0.3660000000000001,150
1749483179.9111807,1.0,0.3740000000000001,151
1749483180.662888,0.2,0.3660000000000001,152
1749483181.4188597,0.6,0.33,153
1749483182.115722,0.6,0.392,154
1749483182.8297765,0.4,0.37200000000000005,155
1749483186.185558,0.4,0.314,156
1749483186.8619308,0.4,0.338,157
1749483187.566923,0.0,0.37400000000000005,158
1749483188.2717943,0.4,0.4040000000000001,159
1749483188.9682293,0.8,0.3560000000000001,160
1749483189.668522,0.4,0.35600000000000004,161
1749483190.3989956,0.4,0.33000000000000007,162
1749483191.1328094,0.4,0.32799999999999996,163
1749483191.8647673,0.0,0.3820000000000001,164
1749483192.607229,0.2,0.354,165
1749483193.3499682,0.8,0.40199999999999997,166
1749483194.0740457,0.4,0.376,167
1749483194.8402762,0.6,0.3620000000000001,168
1749483195.5883825,0.2,0.3720000000000001,169
1749483196.3355827,0.4,0.3760000000000001,170
1749483197.0820415,0.6,0.36800000000000005,171
1749483197.832082,0.4,0.35200000000000004,172
1749483198.550967,0.6,0.35400000000000004,173
1749483199.3013687,0.8,0.3400000000000001,174
1749483199.963926,0.8,0.33799999999999997,175
1749483200.6975503,0.6,0.4100000000000001,176
1749483201.4409978,0.4,0.3899999999999999,177
1749483202.1760664,0.4,0.37200000000000005,178
1749483202.9158247,0.4,0.384,179
1749483203.6565833,0.4,0.33399999999999996,180
1749483204.3813736,0.8,0.338,181
1749483207.6848843,0.8,0.3940000000000001,182
1749483208.3701844,0.6,0.39599999999999996,183
1749483209.1111357,0.4,0.39199999999999996,184
1749483209.812435,0.6,0.39,185
1749483210.5706887,0.8,0.3400000000000001,186
1749483211.2840295,0.6,0.37400000000000005,187
1749483212.0157712,0.2,0.41600000000000004,188
1749483212.7800405,0.2,0.4360000000000001,189
1749483213.5563273,0.2,0.40800000000000003,190
1749483214.3022842,0.6,0.37,191
1749483215.0403652,0.2,0.44600000000000006,192
1749483215.810778,0.8,0.4200000000000001,193
1749483216.551481,0.2,0.41200000000000003,194
1749483217.401825,0.6,0.3960000000000001,195
1749483218.1127503,0.2,0.37000000000000005,196
1749483218.864538,0.2,0.34600000000000003,197
1749483219.6032062,0.6,0.4040000000000001,198
1749483220.306036,0.4,0.40399999999999997,199
1749483221.0750544,0.6,0.40800000000000003,200
1749483221.881262,0.6,0.3640000000000001,201
1749483222.6355271,0.8,0.45399999999999996,202
1749483223.3329298,0.6,0.38400000000000006,203
1749483224.099016,0.4,0.36599999999999994,204
1749483224.8761432,0.8,0.3600000000000001,205
1749483225.6098816,0.4,0.36800000000000005,206
1749483226.362468,0.4,0.39800000000000013,207
1749483229.7623055,0.8,0.34800000000000003,208
1749483230.448448,0.8,0.398,209
1749483231.156985,0.8,0.354,210
1749483231.8325467,0.6,0.39799999999999996,211
1749483232.544481,0.6,0.342,212
1749483233.2155354,0.4,0.3320000000000001,213
1749483233.9142892,0.4,0.342,214
1749483234.6781602,0.4,0.33000000000000007,215
1749483235.3551629,0.4,0.40800000000000014,216
1749483236.083644,0.4,0.352,217
1749483236.7808323,0.4,0.3880000000000001,218
1749483237.5096018,0.6,0.3660000000000001,219
1749483238.2659082,0.8,0.426,220
1749483239.0027614,0.8,0.36800000000000005,221
1749483239.7399592,0.2,0.368,222
1749483240.4713278,0.6,0.43000000000000005,223
1749483241.1967022,0.8,0.38,224
1749483241.9303625,0.6,0.4200000000000001,225
1749483242.6815467,0.6,0.40399999999999997,226
1749483243.3895319,0.8,0.42800000000000005,227
1749483244.0971825,0.6,0.35600000000000004,228
1749483244.8094985,0.8,0.42200000000000004,229
1749483245.5357928,0.8,0.426,230
1749483246.2653956,0.8,0.35400000000000015,231
1749483246.9844687,0.6,0.4200000000000001,232
1749483247.7063756,0.6,0.428,233
1749483251.0094163,0.4,0.452,234
1749483251.7344596,0.8,0.3940000000000001,235
1749483252.460055,0.6,0.42,236
1749483253.1899579,0.6,0.4100000000000001,237
1749483253.9267993,0.4,0.456,238
1749483254.6691463,0.6,0.4340000000000001,239
1749483255.3675323,0.8,0.42,240
1749483256.072117,0.4,0.43000000000000005,241
1749483256.8195412,0.6,0.44199999999999995,242
1749483257.5576372,0.8,0.48399999999999993,243
1749483258.2758567,0.6,0.478,244
1749483258.998131,0.2,0.446,245
1749483259.7012086,0.4,0.43200000000000005,246
1749483260.4294558,0.6,0.47800000000000004,247
1749483261.1191158,0.8,0.38000000000000006,248
1749483261.8174667,0.4,0.4180000000000001,249
1749483262.5004866,1.0,0.414,250
1749483263.2395797,0.2,0.5060000000000001,251
1749483263.976016,0.8,0.434,252
1749483264.6760283,0.4,0.4439999999999999,253
1749483265.5182827,0.4,0.434,254
1749483266.2046497,1.0,0.406,255
1749483266.913822,0.0,0.43400000000000005,256
1749483267.6156192,0.4,0.4,257
1749483268.312305,0.2,0.45399999999999996,258
1749483269.0671508,0.8,0.414,259
1749483272.380131,0.8,0.41400000000000003,260
1749483273.08339,0.6,0.42999999999999994,261
1749483273.818513,0.4,0.40800000000000003,262
1749483274.520308,0.4,0.3899999999999999,263
1749483275.2349725,0.6,0.33400000000000013,264
1749483275.9355085,0.6,0.3940000000000001,265
1749483276.6278439,0.4,0.3940000000000001,266
1749483277.3260226,0.4,0.376,267
1749483278.0284588,0.6,0.414,268
1749483278.7258618,0.4,0.426,269
1749483279.45374,0.6,0.47400000000000003,270
1749483280.1741087,0.2,0.368,271
1749483280.9081528,0.6,0.43999999999999995,272
1749483281.6159737,0.4,0.41600000000000004,273
1749483282.3322024,0.2,0.36999999999999994,274
1749483283.0653481,0.8,0.36400000000000005,275
1749483283.7822866,0.6,0.39,276
1749483284.4562736,0.6,0.43000000000000005,277
1749483285.148411,0.0,0.384,278
1749483285.9153512,0.6,0.44,279
1749483286.6672404,0.8,0.4,280
1749483287.4228795,0.2,0.484,281
1749483288.1862826,0.6,0.43599999999999994,282
1749483288.886445,0.2,0.43800000000000006,283
1749483289.6354592,0.4,0.45000000000000007,284
1749483290.324571,0.2,0.39800000000000013,285
1749483291.0296123,0.8,0.39000000000000007,286
1749483294.4650738,0.2,0.40399999999999997,287
1749483295.1730123,0.6,0.456,288
1749483295.9045653,0.6,0.43000000000000005,289
1749483296.6334124,0.4,0.40800000000000003,290
1749483297.360381,0.8,0.43199999999999994,291
1749483298.109508,0.8,0.41800000000000004,292
1749483298.8384862,0.6,0.45399999999999996,293
1749483299.561697,1.0,0.39,294
1749483300.3245332,0.6,0.39399999999999996,295
1749483301.0374293,1.0,0.434,296
1749483301.7372985,0.0,0.4420000000000001,297
1749483302.4565246,0.4,0.38000000000000006,298
1749483303.1639555,0.6,0.4700000000000001,299
1749483303.8326378,0.6,0.41999999999999993,300
1749483304.5309803,0.8,0.37799999999999995,301
1749483305.2836697,0.6,0.482,302
1749483305.9728816,0.4,0.43,303
1749483306.6751227,0.6,0.4360000000000001,304
1749483307.4343805,0.8,0.42400000000000015,305
1749483308.1468766,0.6,0.442,306
1749483308.8267095,0.6,0.4179999999999999,307
1749483309.5608652,0.8,0.45599999999999996,308
1749483310.2616837,0.8,0.396,309
1749483310.9539154,0.6,0.41600000000000004,310
1749483311.6592095,1.0,0.466,311
1749483312.5030627,0.2,0.426,312
1749483313.2306013,0.8,0.38,313
1749483316.6496723,0.6,0.37200000000000005,314
1749483317.376192,0.4,0.39399999999999996,315
1749483318.0915494,0.4,0.436,316
1749483318.7742229,0.8,0.366,317
1749483319.4870858,0.6,0.4260000000000001,318
1749483320.21631,0.6,0.4980000000000001,319
1749483320.9205406,0.6,0.436,320
1749483321.6628711,0.6,0.4159999999999999,321
1749483322.3968096,0.4,0.428,322
1749483323.1079497,0.4,0.4280000000000001,323
1749483323.8273127,0.6,0.36400000000000005,324
1749483324.536601,0.2,0.4200000000000001,325
1749483325.2466993,0.6,0.4020000000000001,326
1749483325.9829266,0.6,0.36,327
1749483326.726176,0.2,0.444,328
1749483327.427068,0.8,0.398,329
1749483328.1687493,0.6,0.4020000000000001,330
1749483328.882505,0.8,0.39800000000000013,331
1749483329.5840209,0.4,0.45599999999999985,332
1749483330.2890334,0.4,0.3940000000000001,333
1749483330.988453,0.4,0.41400000000000003,334
1749483331.6792328,0.6,0.46199999999999997,335
1749483332.45553,0.2,0.4640000000000001,336
1749483333.1714275,1.0,0.376,337
1749483333.8929632,0.4,0.40400000000000014,338
1749483334.5792384,0.6,0.36200000000000004,339
1749483337.9025464,0.8,0.3960000000000001,340
1749483338.605434,0.6,0.4160000000000001,341
1749483339.3250735,0.2,0.3960000000000001,342
1749483340.0525413,0.6,0.40399999999999997,343
1749483340.7834425,0.6,0.414,344
1749483341.5297165,0.4,0.4120000000000001,345
1749483342.2549114,0.8,0.3620000000000001,346
1749483342.9824228,0.8,0.35200000000000004,347
1749483343.688433,0.6,0.418,348
1749483344.353911,0.6,0.36600000000000016,349
1749483345.035249,0.6,0.3940000000000001,350
1749483345.7023792,0.6,0.4020000000000001,351
1749483346.4163065,0.6,0.41600000000000004,352
1749483347.134624,0.8,0.4100000000000001,353
1749483347.863241,0.6,0.42199999999999993,354
1749483348.574968,0.4,0.42200000000000004,355
1749483349.2706957,0.8,0.452,356
1749483349.9881606,0.6,0.38600000000000007,357
1749483350.6782825,0.4,0.4200000000000001,358
1749483351.386929,0.4,0.4020000000000001,359
1749483352.1275644,0.6,0.35200000000000004,360
1749483352.858787,0.2,0.4420000000000001,361
1749483353.5820978,0.8,0.47800000000000004,362
1749483354.2954347,0.6,0.43000000000000005,363
1749483355.0213995,1.0,0.4200000000000001,364
1749483355.7453458,0.6,0.382,365
1749483359.0580897,0.8,0.444,366
1749483359.804399,0.8,0.37000000000000005,367
1749483360.547771,0.6,0.4420000000000001,368
1749483361.2979133,0.8,0.442,369
1749483362.004345,0.6,0.3940000000000001,370
1749483362.7173686,0.8,0.4020000000000001,371
1749483363.4691975,0.6,0.35800000000000004,372
1749483364.1856909,0.2,0.39399999999999996,373
1749483364.9862828,0.8,0.402,374
1749483365.6842108,0.4,0.3739999999999999,375
1749483366.4015694,0.6,0.386,376
1749483367.1521032,0.6,0.36199999999999993,377
1749483367.9346893,0.6,0.35800000000000004,378
1749483368.668641,0.6,0.37,379
1749483369.3780885,0.6,0.40800000000000003,380
1749483370.1009004,0.4,0.4280000000000001,381
1749483370.8357334,0.6,0.392,382
1749483371.5329082,0.4,0.42599999999999993,383
1749483372.2613704,0.8,0.38,384
1749483373.032827,1.0,0.39,385
1749483373.7513433,0.8,0.37200000000000005,386
1749483374.4959471,0.8,0.384,387
1749483375.224444,0.8,0.37400000000000005,388
1749483375.961588,0.8,0.368,389
1749483376.695054,0.8,0.40800000000000003,390
1749483377.3512428,0.2,0.3620000000000001,391
1749483380.716925,0.4,0.426,392
1749483381.4026282,0.4,0.43400000000000005,393
1749483382.118023,0.4,0.38400000000000006,394
1749483382.8799345,0.4,0.43,395
1749483383.6310136,0.8,0.434,396
1749483384.393335,0.8,0.39000000000000007,397
1749483385.1000662,0.6,0.37400000000000005,398
1749483385.8657286,0.8,0.39799999999999996,399
1749483386.6269047,0.8,0.3940000000000001,400
1749483387.371801,0.6,0.3899999999999999,401
1749483388.0880413,0.6,0.4159999999999999,402
1749483388.8322825,0.6,0.44799999999999995,403
1749483389.528081,0.4,0.336,404
1749483390.2278483,0.6,0.39199999999999996,405
1749483390.9285297,0.4,0.3460000000000001,406
1749483391.6218448,0.6,0.382,407
1749483392.342023,0.4,0.44000000000000006,408
1749483393.0643685,0.8,0.43199999999999994,409
1749483393.7997074,0.4,0.41400000000000003,410
1749483394.5278268,0.6,0.41400000000000003,411
1749483395.2497427,0.2,0.418,412
1749483395.9600217,0.2,0.40199999999999997,413
1749483396.650367,0.4,0.444,414
1749483397.3820078,0.4,0.44800000000000006,415
1749483398.0486581,0.8,0.46,416
1749483398.7310932,0.4,0.43200000000000005,417
1749483402.0764167,0.0,0.40800000000000003,418
1749483402.7770433,0.0,0.368,419
1749483403.464666,0.2,0.4099999999999999,420
1749483404.2001102,0.4,0.37400000000000005,421
1749483404.9365408,0.6,0.38600000000000007,422
1749483405.6700063,0.4,0.428,423
1749483406.3907707,0.8,0.41400000000000003,424
1749483407.06298,0.4,0.37200000000000005,425
1749483407.7973404,0.6,0.40800000000000003,426
1749483408.5423381,0.0,0.38199999999999995,427
1749483409.2825818,0.4,0.42400000000000004,428
1749483410.0454116,0.2,0.426,429
1749483410.760911,0.6,0.3720000000000001,430
1749483411.4585416,0.6,0.4040000000000001,431
1749483412.2527955,0.4,0.43999999999999995,432
1749483412.9854636,0.8,0.36400000000000005,433
1749483413.754995,0.6,0.384,434
1749483414.5030475,0.6,0.4200000000000001,435
1749483415.2574232,0.4,0.3560000000000001,436
1749483415.9927042,0.6,0.35200000000000004,437
1749483416.7089787,0.6,0.4059999999999999,438
1749483417.421216,0.6,0.34,439
1749483418.123724,0.4,0.3780000000000001,440
1749483418.8390336,0.0,0.402,441
1749483419.5768676,0.2,0.3600000000000001,442
1749483420.3002417,0.0,0.376,443
1749483423.6356566,0.4,0.406,444
1749483424.3638852,0.0,0.43400000000000005,445
1749483425.021409,0.4,0.35400000000000015,446
1749483425.7407098,0.6,0.384,447
1749483426.4794073,0.6,0.44400000000000006,448
1749483427.2428286,0.6,0.42599999999999993,449
1749483427.980696,0.4,0.382,450
1749483428.7498524,0.4,0.3680000000000001,451
1749483429.4658294,0.6,0.35200000000000004,452
1749483430.1836224,0.4,0.336,453
1749483430.8947046,0.6,0.35,454
1749483431.6512055,0.4,0.4139999999999999,455
1749483432.3889937,0.2,0.442,456
1749483433.1642582,0.6,0.472,457
1749483433.9256532,0.6,0.414,458
1749483434.671526,0.8,0.456,459
1749483435.4067168,0.6,0.442,460
1749483436.1277618,0.4,0.43400000000000005,461
1749483436.897537,0.8,0.41200000000000003,462
1749483437.646253,0.2,0.43000000000000005,463
1749483438.3623562,0.8,0.366,464
1749483439.1161597,0.2,0.29800000000000004,465
1749483439.8774788,0.6,0.3740000000000001,466
1749483440.638811,0.2,0.426,467
1749483441.3373053,0.6,0.4360000000000001,468
1749483442.0973747,0.6,0.4060000000000001,469
1749483445.4862962,0.8,0.428,470
1749483446.2263901,0.8,0.44800000000000006,471
1749483446.9618928,0.6,0.4679999999999999,472
1749483447.719154,0.8,0.472,473
1749483448.472385,0.4,0.4640000000000001,474
1749483449.202105,0.8,0.43200000000000005,475
1749483449.9302733,1.0,0.434,476
1749483450.69355,0.6,0.4200000000000001,477
1749483451.411337,1.0,0.488,478
1749483452.1669583,0.2,0.47200000000000003,479
1749483452.8701153,0.8,0.36,480
1749483453.5766811,0.4,0.44800000000000006,481
1749483454.3789704,0.4,0.41,482
1749483455.1551137,0.4,0.4040000000000001,483
1749483455.9074667,0.8,0.418,484
1749483456.586002,0.6,0.44800000000000006,485
1749483457.3489585,0.8,0.39800000000000013,486
1749483458.0320008,0.8,0.4059999999999999,487
1749483458.740326,0.8,0.382,488
1749483459.4770358,0.6,0.43200000000000005,489
1749483460.3117921,0.6,0.4160000000000001,490
1749483461.0917869,0.6,0.35600000000000004,491
1749483461.8334231,0.8,0.43800000000000006,492
1749483462.525965,0.6,0.374,493
1749483463.2012815,0.6,0.402,494
1749483463.894146,0.8,0.418,495
1749483467.2200792,0.0,0.4000000000000001,496
1749483467.9573684,0.4,0.408,497
1749483468.685724,0.4,0.4660000000000001,498
1749483469.4437609,0.6,0.45,499
1749483470.1872106,0.4,0.39,500
1749483470.9528291,0.6,0.4020000000000001,501
1749483471.7159755,0.6,0.37199999999999994,502
1749483472.469913,0.2,0.42800000000000005,503
1749483473.2287598,0.6,0.354,504
1749483473.968724,0.8,0.36400000000000005,505
1749483474.676264,0.4,0.414,506
1749483475.405616,0.8,0.44400000000000006,507
1749483476.1372488,0.4,0.3940000000000001,508
1749483476.8890882,0.4,0.33799999999999997,509
1749483477.6031618,1.0,0.4000000000000001,510
1749483478.314003,0.6,0.38,511
1749483479.0655897,0.6,0.4200000000000001,512
1749483479.810132,0.8,0.3720000000000001,513
1749483480.5479364,0.2,0.376,514
1749483481.2737296,0.4,0.382,515
1749483481.9933589,0.4,0.35400000000000004,516
1749483482.6936417,0.8,0.3960000000000001,517
1749483483.4040368,0.6,0.414,518
1749483484.1469896,0.6,0.3979999999999999,519
1749483484.8848202,0.4,0.38800000000000007,520
1749483485.62831,0.2,0.41400000000000015,521
1749483489.0180733,0.2,0.4360000000000001,522
1749483489.7728782,0.6,0.3720000000000001,523
1749483490.5244567,0.6,0.34600000000000003,524
1749483491.2956192,0.6,0.436,525
1749483492.0530672,0.6,0.382,526
1749483492.7826557,0.6,0.4,527
1749483493.5016456,0.6,0.43200000000000005,528
1749483494.2479453,0.6,0.42599999999999993,529
1749483494.970291,0.6,0.34600000000000003,530
1749483495.675023,0.4,0.37199999999999994,531
1749483496.4094982,0.8,0.42200000000000004,532
1749483497.1502893,0.6,0.4100000000000001,533
1749483497.8835738,0.6,0.36200000000000015,534
1749483498.6370134,0.2,0.458,535
1749483499.3509214,0.6,0.3739999999999999,536
1749483500.0924265,1.0,0.386,537
1749483500.830723,0.2,0.36400000000000005,538
1749483501.5594547,0.6,0.3600000000000001,539
1749483502.303475,0.2,0.374,540
1749483503.0415714,1.0,0.39800000000000013,541
1749483503.7639399,0.4,0.326,542
1749483504.5085855,0.4,0.35000000000000014,543
1749483505.2522554,0.2,0.28800000000000003,544
1749483505.959206,0.4,0.33000000000000007,545
1749483506.7019963,0.6,0.37200000000000005,546
1749483507.4390948,0.8,0.30400000000000005,547
1749483510.8824823,0.8,0.34,548
1749483511.6261191,0.6,0.39,549
1749483512.361408,1.0,0.36400000000000005,550
1749483513.0711277,0.6,0.36,551
1749483513.7955475,0.2,0.35200000000000004,552
1749483514.524485,0.4,0.37,553
1749483515.247285,0.0,0.4159999999999999,554
1749483516.0226374,0.4,0.37200000000000005,555
1749483516.7809157,0.8,0.37799999999999995,556
1749483517.4960494,0.8,0.4000000000000001,557
1749483518.230598,0.2,0.40800000000000003,558
1749483518.9803674,0.8,0.45600000000000007,559
1749483519.7161427,0.6,0.40000000000000013,560
1749483520.481884,0.6,0.43800000000000006,561
1749483521.2331858,0.4,0.44799999999999995,562
1749483522.0080051,0.6,0.40800000000000014,563
1749483522.7221367,0.6,0.376,564
1749483523.4038286,1.0,0.3920000000000001,565
1749483524.1184268,0.8,0.41400000000000003,566
1749483524.8265605,0.6,0.3960000000000001,567
1749483525.5442789,0.2,0.39,568
1749483526.2795954,0.6,0.38600000000000007,569
1749483526.9834833,0.8,0.40800000000000003,570
1749483527.6626914,0.6,0.38800000000000007,571
1749483528.3947585,1.0,0.38,572
1749483529.1403694,0.2,0.37400000000000005,573
1749483532.4495223,0.2,0.408,574
1749483533.1941438,0.6,0.3640000000000001,575
1749483533.9767118,0.4,0.396,576
1749483534.734503,0.6,0.4,577
1749483535.5145073,0.4,0.4139999999999999,578
1749483536.22314,0.4,0.41,579
1749483536.9633787,0.6,0.37800000000000006,580
1749483537.6896737,0.4,0.38,581
1749483538.3886518,0.8,0.40600000000000014,582
1749483539.097437,0.6,0.40399999999999997,583
1749483539.810057,1.0,0.4159999999999999,584
1749483540.5252204,0.6,0.34600000000000003,585
1749483541.2646983,0.8,0.366,586
1749483541.97731,0.2,0.364,587
1749483542.7235844,0.8,0.384,588
1749483543.435064,0.4,0.3780000000000001,589
1749483544.1802154,0.0,0.31799999999999995,590
1749483544.9116323,0.8,0.34600000000000003,591
1749483545.6726372,0.6,0.35200000000000004,592
1749483546.4282546,0.4,0.366,593
1749483547.1653168,0.8,0.396,594
1749483547.8972113,1.0,0.368,595
1749483548.624765,0.4,0.39199999999999996,596
1749483549.3586318,0.6,0.382,597
1749483550.0856457,0.0,0.4160000000000001,598
1749483550.7914052,0.6,0.44599999999999995,599
1749483554.135984,0.8,0.42399999999999993,600
1749483554.9341686,0.2,0.374,601
1749483555.6825702,0.6,0.3460000000000001,602
1749483556.5489178,0.6,0.384,603
1749483557.32415,0.8,0.424,604
1749483558.1069949,0.4,0.374,605
1749483558.8409433,0.4,0.38000000000000006,606
1749483559.6248922,1.0,0.3880000000000001,607
1749483560.3842666,0.6,0.392,608
1749483561.1815083,0.6,0.3640000000000001,609
1749483561.96927,0.2,0.36,610
1749483562.7215562,0.4,0.37599999999999995,611
1749483563.4918618,0.4,0.32800000000000007,612
1749483564.254459,0.4,0.3720000000000001,613
1749483565.0157702,0.8,0.32800000000000007,614
1749483565.7712731,0.2,0.34600000000000003,615
1749483566.521734,0.4,0.39,616
1749483567.3110182,0.8,0.406,617
1749483568.0421317,0.4,0.3440000000000001,618
1749483568.7848153,0.6,0.4,619
1749483569.5504258,0.6,0.3820000000000001,620
1749483570.2691188,0.4,0.418,621
1749483571.0473986,0.4,0.414,622
1749483571.8367074,0.4,0.4000000000000001,623
1749483572.6680863,0.4,0.3960000000000001,624
1749483573.467899,0.6,0.3940000000000001,625
1749483576.9007273,0.8,0.3560000000000001,626
1749483577.6885655,0.4,0.41800000000000004,627
1749483578.4757674,0.4,0.342,628
1749483579.2892485,0.0,0.32000000000000006,629
1749483580.123591,0.2,0.352,630
1749483580.9126377,0.8,0.37199999999999994,631
1749483581.6883674,0.6,0.392,632
1749483582.493839,0.2,0.39,633
1749483583.2553525,0.8,0.344,634
1749483584.061441,0.8,0.4099999999999999,635
1749483584.8504493,0.8,0.36200000000000004,636
1749483585.6339674,0.4,0.376,637
1749483586.4342685,0.4,0.392,638
1749483587.225718,0.2,0.38400000000000006,639
1749483588.0101047,0.4,0.40399999999999997,640
1749483588.7941296,0.8,0.3620000000000001,641
1749483589.5560362,0.2,0.3760000000000001,642
1749483590.41304,0.6,0.43200000000000005,643
1749483591.2488954,0.4,0.40000000000000013,644
1749483592.0621884,0.2,0.37,645
1749483592.8565853,0.6,0.384,646
1749483593.639554,0.6,0.384,647
1749483594.4307356,0.4,0.39000000000000007,648
1749483595.207248,0.4,0.39199999999999996,649
1749483595.9880092,0.2,0.428,650
1749483596.7532785,0.4,0.41800000000000004,651
1749483600.1099365,0.8,0.35600000000000004,652
1749483600.946218,0.4,0.3560000000000001,653
1749483601.707517,0.8,0.398,654
1749483602.4089603,0.8,0.3960000000000001,655
1749483603.1937342,0.6,0.41200000000000003,656
1749483603.9829407,0.4,0.37199999999999994,657
1749483604.7966244,0.4,0.38800000000000007,658
1749483605.6131454,0.8,0.45400000000000007,659
1749483606.4051118,0.8,0.442,660
1749483607.3152468,0.4,0.38600000000000007,661
1749483608.1173947,0.4,0.39599999999999996,662
1749483608.9497657,0.6,0.4260000000000001,663
1749483609.7964091,0.2,0.368,664
1749483610.6078138,0.6,0.4120000000000001,665
1749483611.3786712,0.6,0.396,666
1749483612.1679986,0.6,0.382,667
1749483612.9107387,0.6,0.38400000000000006,668
1749483613.6848328,0.6,0.402,669
1749483614.4514387,0.4,0.40800000000000003,670
1749483615.203227,0.2,0.36999999999999994,671
1749483615.9601843,0.6,0.398,672
1749483616.7769399,0.8,0.4200000000000001,673
1749483617.5476854,0.2,0.458,674
1749483618.2887092,0.6,0.37800000000000006,675
1749483619.060499,0.6,0.37200000000000005,676
1749483619.8382077,0.4,0.4040000000000001,677
1749483623.175489,0.8,0.35200000000000004,678
1749483623.9790463,0.6,0.382,679
1749483624.7494023,0.6,0.34400000000000014,680
1749483625.5470092,0.4,0.44199999999999995,681
1749483626.35532,0.2,0.44,682
1749483627.1626418,0.4,0.406,683
1749483627.909974,0.8,0.412,684
1749483628.6549575,0.2,0.4120000000000001,685
1749483629.431154,0.4,0.41800000000000004,686
1749483630.2088583,0.4,0.392,687
1749483631.2464726,0.6,0.442,688
1749483632.0259984,0.4,0.4060000000000001,689
1749483632.7894135,0.0,0.3660000000000001,690
1749483633.5703685,0.4,0.38400000000000006,691
1749483634.347383,0.6,0.4060000000000001,692
1749483635.1209023,0.4,0.402,693
1749483635.8887253,0.6,0.44,694
1749483636.6606445,0.6,0.4120000000000001,695
1749483637.4541807,1.0,0.376,696
1749483638.2461207,0.8,0.4100000000000001,697
1749483639.0326667,0.6,0.33399999999999996,698
1749483639.802835,0.6,0.4060000000000001,699
1749483640.5640216,0.4,0.366,700
1749483641.354843,0.4,0.3999999999999999,701
1749483642.1487,0.2,0.4040000000000001,702
1749483645.4283981,0.6,0.4360000000000001,703
1749483646.2186124,0.6,0.396,704
1749483646.9870965,0.6,0.41200000000000003,705
1749483647.7920635,0.4,0.412,706
1749483648.561422,0.6,0.366,707
1749483649.359794,0.8,0.3880000000000001,708
1749483650.1407027,0.8,0.4060000000000001,709
1749483650.9498112,0.2,0.42199999999999993,710
1749483651.736477,0.6,0.40199999999999997,711
1749483652.5104053,0.2,0.38599999999999995,712
1749483653.2919729,0.6,0.384,713
1749483654.0711374,0.8,0.3780000000000001,714
1749483654.87279,0.4,0.38,715
1749483655.6688218,0.2,0.398,716
1749483656.4760273,0.8,0.434,717
1749483657.274583,0.8,0.38400000000000006,718
1749483658.178216,0.6,0.42599999999999993,719
1749483658.970685,0.8,0.37800000000000006,720
1749483659.7771707,0.8,0.38400000000000006,721
1749483660.5913658,0.6,0.39399999999999996,722
1749483661.3619168,0.4,0.42199999999999993,723
1749483662.1700175,0.2,0.41200000000000003,724
1749483662.9580119,1.0,0.45400000000000007,725
1749483663.718747,0.8,0.402,726
1749483664.479826,0.6,0.352,727
1749483665.261685,0.6,0.3440000000000001,728
1749483668.5610118,0.2,0.38799999999999996,729
1749483669.3690774,0.8,0.3760000000000001,730
1749483670.1546295,0.4,0.412,731
1749483670.9602673,0.6,0.39399999999999996,732
1749483671.7886126,0.6,0.43599999999999994,733
1749483672.6137488,0.4,0.452,734
1749483673.4201767,0.8,0.39399999999999996,735
1749483674.2316005,0.4,0.39,736
1749483675.0541239,0.4,0.42,737
1749483675.80949,0.6,0.44400000000000006,738
1749483676.5810342,0.6,0.414,739
1749483677.3753364,0.4,0.4420000000000001,740
1749483678.1669772,0.6,0.45599999999999996,741
1749483678.917695,1.0,0.43199999999999994,742
1749483679.7211883,0.4,0.42599999999999993,743
1749483680.485178,0.2,0.45400000000000007,744
1749483681.26521,0.4,0.42,745
1749483682.0303495,0.4,0.4200000000000001,746
1749483682.788207,0.2,0.41400000000000003,747
1749483683.5702822,0.2,0.44000000000000006,748
1749483684.3246257,0.4,0.40800000000000003,749
1749483685.108194,0.4,0.45,750
1749483685.8958366,0.8,0.4640000000000001,751
1749483686.6834843,0.0,0.424,752
1749483687.4554148,0.6,0.3820000000000001,753
1749483688.2456124,0.6,0.38800000000000007,754
1749483691.5637388,0.4,0.4180000000000001,755
1749483692.376935,0.6,0.38800000000000007,756
1749483693.1282873,0.2,0.4260000000000001,757
1749483693.9315238,0.2,0.39000000000000007,758
1749483694.673576,0.4,0.40800000000000003,759
1749483695.4135036,0.4,0.424,760
1749483696.1869075,0.8,0.46599999999999997,761
1749483696.9228942,0.6,0.43000000000000005,762
1749483697.655783,0.6,0.446,763
1749483698.4213889,1.0,0.43800000000000006,764
1749483699.2226052,0.8,0.382,765
1749483700.0021262,0.6,0.44,766
1749483700.7760851,0.8,0.3520000000000001,767
1749483701.5021105,0.8,0.46799999999999997,768
1749483702.2797945,0.4,0.41,769
1749483703.0464737,0.6,0.4320000000000001,770
1749483703.8534052,0.4,0.42200000000000004,771
1749483704.6748812,0.6,0.41800000000000004,772
1749483705.444774,0.8,0.37799999999999995,773
1749483706.2056978,0.6,0.392,774
1749483706.953832,0.2,0.43200000000000005,775
1749483707.7132375,0.6,0.42599999999999993,776
1749483708.5761943,0.4,0.43200000000000005,777
1749483709.328289,0.0,0.458,778
1749483710.0908418,0.2,0.468,779
1749483710.8744333,0.4,0.41600000000000004,780
1749483714.208691,0.2,0.468,781
1749483715.001866,0.8,0.442,782
1749483715.7925599,0.8,0.42599999999999993,783
1749483716.5710084,0.6,0.44400000000000006,784
1749483717.3691764,0.4,0.458,785
1749483718.1347706,0.4,0.41400000000000015,786
1749483718.9268792,1.0,0.43400000000000005,787
1749483719.727506,0.4,0.474,788
1749483720.4674876,0.8,0.38400000000000006,789
1749483721.2169192,0.8,0.43599999999999994,790
1749483721.946908,0.4,0.366,791
1749483722.7326622,0.8,0.3620000000000001,792
1749483723.4797804,0.2,0.39000000000000007,793
1749483724.1826441,0.6,0.3600000000000001,794
1749483724.953955,1.0,0.3960000000000001,795
1749483725.7179847,0.2,0.4520000000000001,796
1749483726.4966922,0.4,0.442,797
1749483727.2324228,0.4,0.3839999999999999,798
1749483728.010871,0.6,0.398,799
1749483728.8141003,0.4,0.41,800
1749483729.5868082,0.0,0.366,801
1749483730.381784,0.6,0.39399999999999996,802
1749483731.1357834,0.6,0.434,803
1749483731.9198003,0.2,0.41200000000000003,804
1749483732.6602924,0.6,0.4200000000000001,805
1749483733.4452431,0.6,0.42200000000000004,806
1749483736.7731113,0.4,0.41800000000000004,807
1749483737.5443053,0.6,0.428,808
1749483738.2989125,0.0,0.42200000000000004,809
1749483739.0951653,0.8,0.402,810
1749483739.8918688,0.0,0.358,811
1749483740.6774063,0.8,0.37000000000000005,812
1749483741.4772367,0.2,0.40800000000000003,813
1749483742.258345,0.2,0.39,814
1749483743.0277286,0.6,0.3640000000000001,815
1749483743.833128,0.6,0.4,816
1749483744.6508436,0.4,0.37200000000000005,817
1749483745.4479377,0.8,0.39,818
1749483746.240546,0.4,0.42199999999999993,819
1749483747.0624478,0.6,0.382,820
1749483747.849861,0.6,0.402,821
1749483748.629493,0.6,0.40400000000000014,822
1749483749.4263012,0.4,0.446,823
1749483750.225243,0.6,0.4100000000000001,824
1749483751.0334938,0.6,0.39599999999999996,825
1749483751.841059,1.0,0.4059999999999999,826
1749483752.6693637,0.2,0.348,827
1749483753.4602542,0.6,0.38599999999999995,828
1749483754.2405453,0.8,0.42399999999999993,829
1749483755.0037193,0.6,0.40800000000000003,830
1749483755.8235354,0.6,0.3660000000000001,831
1749483756.625556,0.8,0.3760000000000001,832
1749483757.430542,0.4,0.392,833
1749483760.8868098,0.4,0.386,834
1749483761.7632978,0.6,0.45399999999999996,835
1749483762.5436163,0.8,0.39799999999999996,836
1749483763.3566332,0.6,0.396,837
1749483764.20685,0.4,0.3820000000000001,838
1749483764.9712455,0.6,0.37199999999999994,839
1749483765.7246203,0.2,0.398,840
1749483766.5338233,0.4,0.442,841
1749483767.3415153,0.4,0.386,842
1749483768.1435099,0.4,0.4220000000000001,843
1749483768.9545903,0.2,0.44199999999999995,844
1749483769.7587397,0.6,0.41800000000000004,845
1749483770.578298,0.2,0.398,846
1749483771.3921857,0.4,0.3499999999999999,847
1749483772.1935542,0.2,0.39599999999999996,848
1749483772.9835005,0.2,0.37799999999999995,849
1749483773.7592063,0.6,0.376,850
1749483774.557051,0.4,0.40400000000000014,851
1749483775.3361866,0.4,0.35600000000000004,852
1749483776.1068573,0.6,0.37200000000000005,853
1749483776.8885314,0.6,0.348,854
1749483777.6701317,0.4,0.43,855
1749483778.4568975,0.4,0.3720000000000001,856
1749483779.2259161,0.4,0.4260000000000001,857
1749483780.0102658,0.8,0.44,858
1749483780.785201,0.6,0.46,859
1749483784.0918102,0.4,0.44199999999999995,860
1749483784.907448,0.6,0.44600000000000006,861
1749483785.681362,0.8,0.514,862
1749483786.4876268,0.4,0.38800000000000007,863
1749483787.2561066,0.2,0.42200000000000004,864
1749483788.0635827,0.0,0.396,865
1749483788.8681605,0.4,0.42200000000000004,866
1749483789.6806436,0.6,0.4,867
1749483790.4488425,0.6,0.42199999999999993,868
1749483791.2463486,0.6,0.43599999999999994,869
1749483792.0109136,0.6,0.4100000000000001,870
1749483792.792091,0.8,0.39799999999999996,871
1749483793.5781937,0.2,0.4720000000000001,872
1749483794.349754,0.2,0.43800000000000006,873
1749483795.1459467,0.6,0.41200000000000003,874
1749483795.9080477,0.4,0.402,875
1749483796.6817317,0.6,0.43400000000000005,876
1749483797.7804675,0.8,0.4260000000000001,877
1749483798.582232,0.8,0.386,878
1749483799.34952,0.6,0.412,879
1749483800.1547503,0.8,0.45000000000000007,880
1749483800.9293747,0.8,0.45199999999999996,881
1749483801.6850257,0.6,0.45400000000000007,882
1749483802.4593918,0.6,0.44799999999999995,883
1749483803.2441034,0.8,0.434,884
1749483804.0910769,0.2,0.382,885
1749483807.4280553,0.2,0.386,886
1749483808.2121482,0.4,0.46399999999999997,887
1749483808.9838042,0.2,0.436,888
1749483809.7626371,0.6,0.366,889
1749483810.5040352,1.0,0.43599999999999994,890
1749483811.2587404,0.8,0.442,891
1749483812.0241685,0.4,0.43799999999999994,892
1749483812.8895462,0.6,0.452,893
1749483813.6760976,0.2,0.43,894
1749483814.4551928,0.6,0.468,895
1749483815.2561615,1.0,0.47,896
1749483816.039691,0.0,0.41,897
1749483816.8034437,0.8,0.39400000000000013,898
1749483817.537408,0.4,0.444,899
1749483818.351545,0.8,0.424,900
1749483819.1547582,0.4,0.47400000000000003,901
1749483819.957504,0.2,0.446,902
1749483820.778822,0.8,0.4600000000000001,903
1749483821.577455,0.8,0.45599999999999996,904
1749483822.3971195,0.4,0.45000000000000007,905
1749483823.1968458,0.8,0.414,906
1749483824.0076845,0.8,0.396,907
1749483824.8368478,0.8,0.44799999999999995,908
1749483825.6414137,0.2,0.456,909
1749483826.441101,0.6,0.44799999999999995,910
1749483827.2488277,0.6,0.39399999999999996,911
1749483830.6182716,0.4,0.40800000000000003,912
1749483831.4426382,0.8,0.376,913
1749483832.2484944,0.2,0.3899999999999999,914
1749483833.0408735,0.8,0.42200000000000004,915
1749483833.8578598,0.6,0.466,916
1749483834.6539752,0.0,0.44,917
1749483835.458113,0.6,0.4220000000000001,918
1749483836.297045,0.6,0.4,919
1749483837.0875726,0.4,0.426,920
1749483837.8957756,0.6,0.408,921
1749483838.7235692,0.4,0.424,922
1749483839.5292947,0.2,0.47800000000000004,923
1749483840.3130033,0.6,0.408,924
1749483841.1087527,0.4,0.44199999999999995,925
1749483841.9292092,0.4,0.44,926
1749483842.7051105,0.2,0.41400000000000003,927
1749483843.487227,0.6,0.41800000000000004,928
1749483844.285874,0.0,0.442,929
1749483845.1037803,0.2,0.41400000000000015,930
1749483845.900841,0.4,0.44000000000000006,931
1749483846.7128792,0.6,0.42,932
1749483847.5082245,0.8,0.42200000000000004,933
1749483848.317066,0.6,0.4620000000000001,934
1749483849.145548,0.8,0.462,935
1749483849.9836745,0.0,0.4040000000000001,936
1749483850.7755866,0.8,0.42200000000000004,937
1749483851.5630057,0.4,0.4380000000000001,938
1749483855.0406702,0.2,0.446,939
1749483855.8692822,0.4,0.41600000000000004,940
1749483856.6906242,0.8,0.4360000000000001,941
1749483857.5030105,0.6,0.3459999999999999,942
1749483858.287723,0.4,0.41400000000000003,943
1749483859.304514,0.2,0.442,944
1749483860.1035047,0.8,0.3960000000000001,945
1749483860.9254432,0.6,0.43800000000000006,946
1749483861.7206118,0.6,0.45,947
1749483862.5385356,0.4,0.4020000000000001,948
1749483863.3545957,0.6,0.462,949
1749483864.1221917,0.2,0.45599999999999996,950
1749483864.8939474,0.6,0.3680000000000001,951
1749483865.7751367,0.4,0.4040000000000001,952
1749483866.520564,0.0,0.368,953
1749483867.2909803,0.6,0.4439999999999999,954
1749483868.0382497,0.6,0.37200000000000005,955
1749483868.830869,0.8,0.42199999999999993,956
1749483869.6443388,0.2,0.40199999999999997,957
1749483870.4628766,0.6,0.358,958
1749483871.2700686,0.4,0.39,959
1749483872.0434177,0.6,0.34600000000000003,960
1749483872.8414092,0.6,0.38600000000000007,961
1749483873.6845684,0.6,0.384,962
1749483874.4943182,0.6,0.428,963
1749483875.6325202,0.6,0.40199999999999997,964
1749483878.980438,0.8,0.43799999999999994,965
1749483879.7909024,0.4,0.43400000000000005,966
1749483880.5676806,1.0,0.4060000000000001,967
1749483881.3579702,0.2,0.40399999999999997,968
1749483882.1678476,0.4,0.36199999999999993,969
1749483882.9522955,0.8,0.41,970
1749483883.74141,0.2,0.38799999999999996,971
1749483884.5554368,0.8,0.40399999999999997,972
1749483885.3489807,1.0,0.354,973
1749483886.1362288,0.4,0.42999999999999994,974
1749483886.9578052,0.2,0.37599999999999995,975
1749483887.7800095,0.6,0.36199999999999993,976
1749483888.5757725,0.0,0.408,977
1749483889.368981,0.8,0.3839999999999999,978
1749483890.2101815,0.6,0.442,979
1749483891.0484498,0.2,0.414,980
1749483891.8372412,0.8,0.4120000000000001,981
1749483892.7004273,0.6,0.39199999999999996,982
1749483893.542198,0.8,0.36599999999999994,983
1749483894.3610408,0.6,0.4000000000000001,984
1749483895.172676,0.6,0.3740000000000001,985
1749483896.0440474,0.4,0.374,986
1749483896.873066,0.2,0.40399999999999997,987
1749483897.7080324,0.6,0.3960000000000001,988
1749483898.5416937,0.4,0.37799999999999995,989
1749483899.351317,0.4,0.4060000000000001,990
1749483902.6935675,0.4,0.39000000000000007,991
1749483903.5135238,0.4,0.43799999999999994,992
1749483904.292156,0.8,0.35600000000000004,993
1749483905.133331,0.6,0.402,994
1749483905.9873943,0.6,0.3960000000000001,995
1749483906.834146,0.6,0.3660000000000001,996
1749483907.659941,0.8,0.39399999999999996,997
1749483908.4691231,0.8,0.35800000000000004,998
1749483909.2894561,0.4,0.38,999
1749483910.0837457,0.4,0.3400000000000001,1000
1749483910.8641891,0.8,0.42599999999999993,1001
1749483911.6844072,1.0,0.41200000000000003,1002
1749483912.4464564,0.4,0.38,1003
1749483913.2571857,0.2,0.38400000000000006,1004
1749483914.0846732,0.4,0.392,1005
1749483914.9118183,0.4,0.386,1006
1749483915.7475593,0.2,0.426,1007
1749483916.555737,0.4,0.392,1008
1749483917.3666801,0.6,0.436,1009
1749483918.2470808,0.0,0.44999999999999996,1010
1749483919.0722885,0.8,0.43,1011
1749483919.937504,0.4,0.462,1012
1749483920.7595246,0.6,0.47800000000000004,1013
1749483921.5651815,0.8,0.43800000000000006,1014
1749483922.341938,0.6,0.46,1015
1749483923.153433,0.6,0.45000000000000007,1016
1749483923.9655023,0.4,0.478,1017
1749483927.4409456,0.2,0.442,1018
1749483928.2754774,0.8,0.402,1019
1749483929.134312,0.6,0.45000000000000007,1020
1749483929.997932,0.6,0.43199999999999994,1021
1749483930.8262818,0.4,0.462,1022
1749483931.6596856,0.6,0.37799999999999995,1023
1749483932.5076938,0.4,0.4039999999999999,1024
1749483933.3262932,0.8,0.3940000000000001,1025
1749483934.1256974,0.4,0.342,1026
1749483934.9555821,0.8,0.366,1027
1749483935.793364,0.8,0.4160000000000001,1028
1749483936.6117704,0.8,0.402,1029
1749483937.4473305,0.4,0.33799999999999997,1030
1749483938.2297854,0.2,0.4279999999999999,1031
1749483939.0711234,0.4,0.392,1032
1749483939.8771074,0.2,0.38000000000000006,1033
1749483940.6890836,0.0,0.428,1034
1749483941.5427375,0.8,0.42,1035
1749483942.3565688,0.2,0.4260000000000001,1036
1749483943.2125602,0.6,0.3660000000000001,1037
1749483944.0553098,0.8,0.37199999999999994,1038
1749483944.8752437,0.4,0.4,1039
1749483945.69086,0.6,0.4120000000000001,1040
1749483946.5216067,0.4,0.3920000000000001,1041
1749483947.2946813,0.6,0.3560000000000001,1042
1749483948.1457818,0.4,0.3600000000000001,1043
1749483951.4820783,0.2,0.398,1044
1749483952.3179896,0.0,0.49599999999999994,1045
1749483953.187634,0.4,0.41800000000000004,1046
1749483954.0382254,0.6,0.364,1047
1749483954.8625503,0.8,0.41600000000000004,1048
1749483955.709732,0.6,0.434,1049
1749483956.5252562,0.6,0.43000000000000005,1050
1749483957.3523786,0.6,0.45599999999999996,1051
1749483958.1841424,0.6,0.434,1052
1749483959.0190454,0.4,0.49,1053
1749483959.8467684,0.6,0.37799999999999995,1054
1749483960.6726794,0.4,0.3840000000000001,1055
1749483961.5107098,0.4,0.408,1056
1749483962.3320549,0.6,0.382,1057
1749483963.172769,0.6,0.37000000000000005,1058
1749483963.989027,0.6,0.43399999999999994,1059
1749483964.8569431,0.6,0.41,1060
1749483965.7094731,0.4,0.45400000000000007,1061
1749483966.531552,1.0,0.37800000000000006,1062
1749483967.3928456,0.6,0.40399999999999997,1063
1749483968.2239819,0.4,0.39000000000000007,1064
1749483969.0884614,0.2,0.364,1065
1749483969.930713,0.4,0.42000000000000015,1066
1749483970.7541401,0.2,0.41000000000000014,1067
1749483971.6756399,0.0,0.36800000000000005,1068
1749483972.51417,0.6,0.396,1069
1749483975.8596108,0.4,0.386,1070
1749483976.7154517,1.0,0.4160000000000001,1071
1749483977.532866,0.6,0.45000000000000007,1072
1749483978.3808305,1.0,0.40800000000000003,1073
1749483979.2406518,0.4,0.3920000000000002,1074
1749483980.0784936,0.6,0.436,1075
1749483980.9162621,0.8,0.36199999999999993,1076
1749483981.7485638,0.6,0.436,1077
1749483982.591378,0.6,0.40800000000000003,1078
1749483983.4115505,0.6,0.38,1079
1749483984.2280738,0.4,0.40800000000000003,1080
1749483985.0359378,0.6,0.43199999999999994,1081
1749483985.878031,0.4,0.414,1082
1749483986.7274756,0.6,0.45000000000000007,1083
1749483987.567326,1.0,0.41400000000000003,1084
1749483988.462722,0.2,0.414,1085
1749483989.3050632,0.2,0.41,1086
1749483990.1598325,1.0,0.396,1087
1749483991.0204184,0.6,0.4160000000000001,1088
1749483991.875552,0.6,0.4360000000000001,1089
1749483992.7535937,0.6,0.40399999999999997,1090
1749483993.7481208,0.4,0.358,1091
1749483994.5732515,0.4,0.396,1092
1749483995.4444249,0.4,0.358,1093
1749483996.2345788,0.2,0.374,1094
1749483997.056803,0.6,0.3760000000000001,1095
1749484000.4425967,0.4,0.37799999999999995,1096
1749484001.2133698,0.4,0.42199999999999993,1097
1749484002.044811,0.6,0.3420000000000001,1098
1749484002.888147,1.0,0.366,1099
1749484003.7316608,0.2,0.4180000000000001,1100
1749484004.6144345,0.8,0.48800000000000004,1101
1749484005.466055,0.6,0.41200000000000003,1102
1749484006.338883,0.8,0.424,1103
1749484007.227582,0.4,0.42,1104
1749484008.0695632,0.8,0.42,1105
1749484008.9264014,0.6,0.42400000000000004,1106
1749484009.79168,0.6,0.41200000000000003,1107
1749484010.6435053,1.0,0.382,1108
1749484011.5203822,0.6,0.42400000000000004,1109
1749484012.346831,0.6,0.46,1110
1749484013.1889668,0.4,0.412,1111
1749484014.0090055,0.2,0.396,1112
1749484014.8266368,0.6,0.38000000000000006,1113
1749484015.6545892,0.6,0.4040000000000001,1114
1749484016.5148346,0.4,0.37400000000000005,1115
1749484017.3793876,0.4,0.37200000000000005,1116
1749484018.2524865,0.8,0.366,1117
1749484019.1092188,0.6,0.406,1118
1749484019.9832807,0.8,0.442,1119
1749484020.83521,0.4,0.41200000000000003,1120
1749484021.6566246,0.6,0.42200000000000004,1121
1749484025.0197415,0.6,0.45400000000000007,1122
1749484025.8816717,0.4,0.436,1123
1749484026.7507641,0.6,0.42999999999999994,1124
1749484027.6221938,0.6,0.3860000000000002,1125
1749484028.4654503,0.8,0.42199999999999993,1126
1749484029.316364,0.6,0.426,1127
1749484030.1921113,0.4,0.41200000000000003,1128
1749484031.089673,0.8,0.42999999999999994,1129
1749484032.0585926,0.4,0.41600000000000004,1130
1749484032.88177,0.8,0.45399999999999996,1131
1749484033.7038333,0.8,0.408,1132
1749484034.5519109,0.8,0.336,1133
1749484035.3658285,0.8,0.392,1134
1749484036.201814,0.2,0.41200000000000003,1135
1749484037.0218446,0.0,0.41600000000000004,1136
1749484037.8181407,0.6,0.4120000000000001,1137
1749484038.603039,0.4,0.44400000000000006,1138
1749484039.4460754,0.2,0.3999999999999999,1139
1749484040.2926438,0.8,0.43200000000000005,1140
1749484041.1118178,0.4,0.396,1141
1749484041.9268725,0.4,0.3780000000000001,1142
1749484042.741381,0.4,0.382,1143
1749484043.5338755,1.0,0.3600000000000001,1144
1749484044.3827767,0.2,0.376,1145
1749484045.2101014,1.0,0.3340000000000001,1146
1749484046.0321922,0.6,0.3740000000000001,1147
1749484049.3460705,0.4,0.39,1148
1749484050.1840036,0.8,0.3920000000000001,1149
1749484051.0313268,0.2,0.3880000000000001,1150
1749484051.8449824,0.4,0.39,1151
1749484052.6816556,0.8,0.3840000000000001,1152
1749484053.5747895,1.0,0.41999999999999993,1153
1749484054.4177618,0.4,0.384,1154
1749484055.2502277,0.8,0.42200000000000004,1155
1749484056.0641835,0.0,0.332,1156
1749484056.8527615,0.4,0.36200000000000004,1157
1749484057.687568,0.6,0.33000000000000007,1158
1749484058.4970694,0.2,0.35800000000000004,1159
1749484059.3038006,0.4,0.364,1160
1749484060.1793518,0.8,0.38400000000000006,1161
1749484060.9993155,0.4,0.3800000000000001,1162
1749484061.868913,0.8,0.41200000000000003,1163
1749484062.718825,0.2,0.41599999999999987,1164
1749484063.8949816,0.8,0.4059999999999999,1165
1749484064.739283,0.4,0.40000000000000013,1166
1749484065.5591395,0.2,0.358,1167
1749484066.4129581,0.6,0.45199999999999996,1168
1749484067.2294056,0.4,0.3520000000000001,1169
1749484068.1013894,0.6,0.35600000000000004,1170
1749484068.9422636,0.4,0.398,1171
1749484069.8294785,0.4,0.38800000000000007,1172
1749484070.6818402,0.4,0.41,1173
1749484074.0428073,0.6,0.3600000000000001,1174
1749484074.9033175,0.8,0.408,1175
1749484075.7650506,0.6,0.41200000000000003,1176
1749484076.636548,0.2,0.38199999999999995,1177
1749484077.5109627,0.2,0.36800000000000005,1178
1749484078.3680918,0.4,0.408,1179
1749484079.224997,0.2,0.39800000000000013,1180
1749484080.0825226,0.8,0.43400000000000005,1181
1749484080.9275024,0.0,0.41999999999999993,1182
1749484081.7642562,0.6,0.3820000000000001,1183
1749484082.596931,0.8,0.4420000000000001,1184
1749484083.4433482,0.2,0.36599999999999994,1185
1749484084.3145516,0.8,0.4,1186
1749484085.1807754,0.6,0.398,1187
1749484086.1562505,0.8,0.406,1188
1749484087.0122914,1.0,0.4160000000000001,1189
1749484087.8526106,0.8,0.42,1190
1749484088.7311437,0.2,0.41400000000000015,1191
1749484089.580165,0.2,0.376,1192
1749484090.4471295,0.4,0.38800000000000007,1193
1749484091.3244498,0.8,0.4220000000000001,1194
1749484092.159224,0.6,0.41400000000000003,1195
1749484093.0464396,0.6,0.418,1196
1749484093.9371283,0.4,0.40800000000000003,1197
1749484094.779479,0.6,0.4640000000000001,1198
1749484095.633654,0.6,0.43400000000000005,1199
1749484099.0689094,0.6,0.41400000000000003,1200
1749484099.918317,0.4,0.43199999999999994,1201
1749484100.781606,0.6,0.3660000000000001,1202
1749484101.6588023,0.2,0.42400000000000004,1203
1749484102.5257075,0.6,0.412,1204
1749484103.373588,0.6,0.39800000000000013,1205
1749484104.2306366,0.2,0.42199999999999993,1206
1749484105.1250868,0.6,0.35800000000000004,1207
1749484105.9876316,0.4,0.446,1208
1749484106.9019852,0.4,0.37000000000000005,1209
1749484107.7596989,0.8,0.38400000000000006,1210
1749484108.619275,0.6,0.3780000000000001,1211
1749484109.493367,0.0,0.38400000000000006,1212
1749484110.3151305,0.4,0.31999999999999995,1213
1749484111.1875982,0.8,0.34,1214
1749484112.018957,0.2,0.41600000000000004,1215
1749484112.884914,1.0,0.41200000000000003,1216
1749484113.745219,0.2,0.408,1217
1749484114.6486697,0.6,0.386,1218
1749484115.5331707,0.6,0.36800000000000005,1219
1749484116.3935244,0.6,0.4060000000000001,1220
1749484117.2696865,0.2,0.41400000000000003,1221
1749484118.1812086,0.6,0.42,1222
1749484119.1087043,0.2,0.418,1223
1749484119.9870052,0.4,0.40199999999999997,1224
1749484120.8512385,0.6,0.42200000000000004,1225
1749484124.255445,0.4,0.42400000000000004,1226
1749484125.1356719,0.8,0.42800000000000005,1227
1749484126.0379274,0.6,0.406,1228
1749484126.9526646,0.2,0.41600000000000004,1229
1749484127.823103,0.6,0.42400000000000004,1230
1749484128.7196894,0.0,0.45,1231
1749484129.583746,0.2,0.3920000000000001,1232
1749484130.4372683,0.8,0.37200000000000005,1233
1749484131.2671533,0.6,0.37200000000000005,1234
1749484132.139894,0.4,0.36200000000000004,1235
1749484133.0049706,0.8,0.41600000000000004,1236
1749484133.8742092,0.8,0.45,1237
1749484134.7203748,0.4,0.434,1238
1749484135.6045556,0.0,0.45599999999999996,1239
1749484136.4642766,0.6,0.40800000000000003,1240
1749484137.3171296,0.4,0.44400000000000006,1241
1749484138.153412,0.4,0.4260000000000001,1242
1749484139.0275145,0.8,0.376,1243
1749484139.8576748,0.6,0.4059999999999999,1244
1749484140.7194788,0.8,0.386,1245
1749484141.6721447,0.4,0.4020000000000001,1246
1749484142.486559,0.6,0.386,1247
1749484143.3507364,0.6,0.42199999999999993,1248
1749484144.2140574,0.4,0.42400000000000004,1249
1749484145.0825946,0.2,0.3960000000000001,1250
1749484145.9083242,0.4,0.40800000000000003,1251
1749484146.755199,0.6,0.3339999999999999,1252
1749484150.2347002,0.4,0.37400000000000005,1253
1749484151.0780666,0.6,0.33799999999999997,1254
1749484151.9341412,0.6,0.3760000000000001,1255
1749484152.7882104,0.4,0.35800000000000004,1256
1749484153.6479278,0.4,0.38799999999999996,1257
1749484154.508833,0.4,0.4180000000000001,1258
1749484155.3735805,0.6,0.40800000000000003,1259
1749484156.222386,0.2,0.41400000000000015,1260
1749484157.075695,0.4,0.408,1261
1749484157.9447052,0.6,0.43999999999999995,1262
1749484158.7917829,0.8,0.418,1263
1749484159.6530316,0.6,0.37800000000000006,1264
1749484160.509874,0.6,0.36800000000000005,1265
1749484161.3647308,0.8,0.342,1266
1749484162.2266486,0.8,0.38400000000000006,1267
1749484163.094041,0.2,0.40600000000000014,1268
1749484163.9461718,0.4,0.36599999999999994,1269
1749484164.796805,0.6,0.40400000000000014,1270
1749484165.662753,0.6,0.41,1271
1749484166.516175,0.4,0.406,1272
1749484167.386748,0.2,0.4160000000000001,1273
1749484168.2227519,0.6,0.43400000000000005,1274
1749484169.0961802,0.6,0.37800000000000006,1275
1749484169.9685442,0.4,0.3760000000000001,1276
1749484170.8185349,0.0,0.43799999999999994,1277
1749484171.6761148,0.6,0.36,1278
1749484175.0733285,0.6,0.354,1279
1749484175.9784195,0.0,0.39399999999999996,1280
1749484176.8094113,0.4,0.376,1281
1749484177.7061064,0.0,0.3940000000000001,1282
1749484178.578281,0.4,0.37400000000000005,1283
1749484179.5000665,0.6,0.386,1284
1749484180.330185,0.4,0.4020000000000001,1285
1749484181.2318456,0.4,0.354,1286
1749484182.1191676,0.4,0.36200000000000004,1287
1749484182.9588199,0.6,0.316,1288
1749484183.858494,0.8,0.37200000000000005,1289
1749484184.7325008,1.0,0.34600000000000003,1290
1749484185.601895,0.4,0.3760000000000001,1291
1749484186.4514782,0.6,0.374,1292
1749484187.324676,0.4,0.3360000000000001,1293
1749484188.1799388,0.4,0.37400000000000005,1294
1749484189.05635,0.6,0.366,1295
1749484189.9569633,0.4,0.392,1296
1749484190.8432832,0.4,0.406,1297
1749484191.717036,0.6,0.4360000000000001,1298
1749484192.612236,0.2,0.426,1299
1749484193.5150547,1.0,0.39799999999999996,1300
1749484194.3522944,0.8,0.402,1301
1749484195.2455175,0.4,0.48800000000000004,1302
1749484196.0673923,0.6,0.402,1303
1749484197.0735571,0.8,0.398,1304
1749484200.4821575,0.6,0.442,1305
1749484201.364669,0.4,0.39,1306
1749484202.2413802,0.6,0.42800000000000005,1307
1749484203.1067598,0.2,0.42200000000000004,1308
1749484203.945899,0.6,0.364,1309
1749484204.866518,0.6,0.36200000000000004,1310
1749484205.7492187,0.4,0.3920000000000001,1311
1749484206.6382787,0.4,0.3440000000000001,1312
1749484207.4856114,0.8,0.3560000000000001,1313
1749484208.3483992,0.2,0.35200000000000004,1314
1749484209.2385244,0.2,0.38799999999999996,1315
1749484210.1148455,0.4,0.42199999999999993,1316
1749484210.979926,0.6,0.35600000000000004,1317
1749484211.8761253,0.6,0.34600000000000003,1318
1749484212.7487273,0.6,0.38800000000000007,1319
1749484213.6168344,0.6,0.392,1320
1749484214.4577942,0.4,0.35000000000000014,1321
1749484215.338795,0.6,0.4040000000000001,1322
1749484216.1944256,0.2,0.3999999999999999,1323
1749484217.0762258,0.8,0.3660000000000001,1324
1749484217.9533174,0.2,0.3440000000000001,1325
1749484218.8282068,0.4,0.40000000000000013,1326
1749484219.676655,0.8,0.396,1327
1749484220.5531194,0.4,0.35,1328
1749484221.419777,0.8,0.384,1329
1749484222.2981727,0.2,0.39399999999999996,1330
1749484225.64155,0.4,0.36200000000000004,1331
1749484226.5212395,0.6,0.384,1332
1749484227.3605278,1.0,0.38400000000000006,1333
1749484228.22161,0.6,0.33599999999999997,1334
1749484229.043003,0.4,0.37200000000000005,1335
1749484229.9211848,0.6,0.4040000000000001,1336
1749484230.7835367,0.8,0.376,1337
1749484231.6492975,0.6,0.4500000000000001,1338
1749484232.5276797,0.2,0.418,1339
1749484233.4229395,0.8,0.40399999999999997,1340
1749484234.2878294,1.0,0.43000000000000005,1341
1749484235.1654584,0.2,0.41800000000000004,1342
1749484236.0399637,0.4,0.426,1343
1749484236.9019833,0.6,0.3840000000000001,1344
1749484237.7723897,0.6,0.41,1345
1749484238.6421978,0.4,0.4200000000000001,1346
1749484239.5219018,0.8,0.38400000000000006,1347
1749484240.4134443,0.6,0.3999999999999999,1348
1749484241.2888508,0.6,0.39,1349
1749484242.1957483,0.6,0.382,1350
1749484243.0950968,0.4,0.39399999999999996,1351
1749484243.967364,0.0,0.4620000000000001,1352
1749484244.8305974,0.8,0.4159999999999999,1353
1749484245.70866,0.4,0.46599999999999997,1354
1749484246.6255672,0.6,0.43799999999999994,1355
1749484247.5259788,0.6,0.456,1356
1749484250.9195504,0.6,0.456,1357
1749484251.8272958,0.4,0.46599999999999997,1358
1749484252.7532523,0.6,0.42800000000000005,1359
1749484253.6538813,0.4,0.406,1360
1749484254.5651462,0.8,0.37800000000000006,1361
1749484255.459829,0.2,0.43799999999999994,1362
1749484256.4890118,0.8,0.4040000000000001,1363
1749484257.34926,0.4,0.486,1364
1749484258.257153,1.0,0.41200000000000003,1365
1749484259.1270278,0.4,0.452,1366
1749484260.00263,0.8,0.44599999999999995,1367
1749484260.9077,0.6,0.406,1368
1749484261.7842069,0.6,0.486,1369
1749484262.6379251,0.6,0.46800000000000014,1370
1749484263.5006835,0.6,0.49000000000000005,1371
1749484264.4167771,0.6,0.462,1372
1749484265.250776,0.0,0.42599999999999993,1373
1749484266.0946283,0.8,0.43199999999999994,1374
1749484266.9280381,0.4,0.4660000000000001,1375
1749484267.7714097,0.2,0.47600000000000003,1376
1749484268.6377428,0.6,0.4860000000000001,1377
1749484269.525746,0.2,0.44199999999999995,1378
1749484270.4084063,0.8,0.5,1379
1749484271.3414114,0.6,0.45000000000000007,1380
1749484272.2347221,0.6,0.456,1381
1749484273.128501,0.4,0.46,1382
1749484276.5278964,0.6,0.47200000000000003,1383
1749484277.3958848,0.2,0.4159999999999999,1384
1749484278.2976718,0.6,0.47200000000000003,1385
1749484279.1484244,0.4,0.47200000000000003,1386
1749484280.051898,0.6,0.424,1387
1749484280.9162734,0.6,0.504,1388
1749484281.8144875,0.4,0.45399999999999996,1389
1749484282.6878467,0.0,0.42400000000000015,1390
1749484283.5469036,0.6,0.3780000000000001,1391
1749484284.445593,0.4,0.45000000000000007,1392
1749484285.3096507,0.6,0.40800000000000003,1393
1749484286.1897256,0.6,0.402,1394
1749484287.1060362,1.0,0.43800000000000006,1395
1749484287.9706159,0.6,0.43200000000000005,1396
1749484288.8977826,0.6,0.3940000000000001,1397
1749484289.8162997,0.6,0.3979999999999999,1398
1749484290.70843,0.4,0.456,1399
1749484291.6559076,0.4,0.40199999999999997,1400
1749484292.5462596,0.0,0.45,1401
1749484293.4696832,0.6,0.43000000000000005,1402
1749484294.363095,0.8,0.382,1403
1749484295.2735922,0.6,0.396,1404
1749484296.1392763,0.6,0.386,1405
1749484296.9997022,0.6,0.414,1406
1749484297.9049711,0.4,0.41,1407
1749484298.8170123,0.4,0.4120000000000001,1408
1749484302.2473643,0.8,0.3880000000000001,1409
1749484303.1323688,1.0,0.4040000000000001,1410
1749484304.028404,0.8,0.43400000000000005,1411
1749484304.9454193,0.8,0.462,1412
1749484305.8721383,1.0,0.4959999999999999,1413
1749484306.7761736,0.6,0.452,1414
1749484307.6431746,0.8,0.38799999999999996,1415
1749484308.5336964,0.8,0.43200000000000005,1416
1749484309.5187142,0.6,0.41599999999999987,1417
1749484310.4211178,0.8,0.49,1418
1749484311.3422718,0.8,0.4640000000000001,1419
1749484312.2421823,0.4,0.45199999999999996,1420
1749484313.126264,0.4,0.46199999999999997,1421
1749484314.0344024,0.8,0.47200000000000003,1422
1749484314.9626913,0.2,0.474,1423
1749484315.8820643,0.8,0.41800000000000004,1424
1749484316.7676277,0.6,0.4360000000000001,1425
1749484317.6273975,0.6,0.40800000000000003,1426
1749484318.4916215,0.2,0.406,1427
1749484319.3960173,0.8,0.42800000000000005,1428
1749484320.2959762,0.6,0.452,1429
1749484321.2123215,1.0,0.456,1430
1749484322.106215,0.4,0.398,1431
1749484323.3505607,0.6,0.398,1432
1749484324.2652636,0.4,0.3780000000000001,1433
1749484327.5548377,1.0,0.42,1434
1749484328.4391377,1.0,0.41,1435
1749484329.318691,0.8,0.4100000000000001,1436
1749484330.2214167,1.0,0.43199999999999994,1437
1749484331.1165388,0.8,0.41400000000000003,1438
1749484331.989119,0.6,0.4060000000000001,1439
1749484332.85407,0.4,0.38000000000000006,1440
1749484333.7554255,0.4,0.36,1441
1749484334.605792,0.2,0.4620000000000001,1442
1749484335.4959204,1.0,0.406,1443
1749484336.3906069,0.2,0.4059999999999999,1444
1749484337.289543,0.6,0.41800000000000004,1445
1749484338.1778817,0.4,0.43800000000000006,1446
1749484339.0840864,0.6,0.44,1447
1749484340.0062113,0.6,0.43400000000000005,1448
1749484340.857726,0.8,0.42800000000000005,1449
1749484341.710995,0.8,0.44000000000000006,1450
1749484342.6251562,0.4,0.43800000000000006,1451
1749484343.5164218,0.6,0.43400000000000005,1452
1749484344.4204266,0.6,0.41200000000000003,1453
1749484345.3215714,0.0,0.41400000000000003,1454
1749484346.1944842,0.4,0.456,1455
1749484347.099637,0.4,0.41800000000000004,1456
1749484347.990231,0.6,0.43,1457
1749484348.8863835,0.4,0.4599999999999999,1458
1749484349.7810526,0.6,0.45399999999999996,1459
1749484353.2441454,0.4,0.4759999999999999,1460
1749484354.1415002,0.2,0.47,1461
1749484355.0629497,0.4,0.39400000000000013,1462
1749484355.9748042,0.8,0.444,1463
1749484356.8706877,0.8,0.49,1464
1749484357.7800565,0.6,0.472,1465
1749484358.7238188,0.8,0.406,1466
1749484359.6179836,0.6,0.49199999999999994,1467
1749484360.510747,0.2,0.40199999999999997,1468
1749484361.4148307,0.6,0.458,1469
1749484362.3050137,0.6,0.4200000000000001,1470
1749484363.227065,0.8,0.4440000000000001,1471
1749484364.1143367,0.2,0.44999999999999996,1472
1749484364.9907913,0.2,0.43800000000000006,1473
1749484365.9016907,0.8,0.39,1474
1749484366.8880873,0.4,0.36999999999999994,1475
1749484367.8074849,0.4,0.35400000000000004,1476
1749484368.6848228,0.4,0.3740000000000001,1477
1749484369.6156774,0.6,0.3400000000000001,1478
1749484370.5198202,0.4,0.324,1479
1749484371.389967,0.6,0.40800000000000003,1480
1749484372.273901,1.0,0.37799999999999995,1481
1749484373.1997879,0.6,0.35600000000000004,1482
1749484374.0935476,0.4,0.4260000000000001,1483
1749484375.029575,0.4,0.4,1484
1749484375.914478,0.4,0.352,1485
1749484379.365553,0.8,0.48400000000000004,1486
1749484380.2794132,0.2,0.4059999999999999,1487
1749484381.219696,0.6,0.43200000000000005,1488
1749484382.1307282,0.6,0.444,1489
1749484382.9988513,0.2,0.478,1490
1749484383.9445744,0.6,0.424,1491
1749484384.8556633,0.8,0.40399999999999997,1492
1749484385.800456,1.0,0.38599999999999995,1493
1749484386.726027,0.8,0.38400000000000006,1494
1749484387.6067822,0.8,0.40199999999999997,1495
1749484388.5413375,0.6,0.44600000000000006,1496
1749484389.4849052,0.2,0.43,1497
1749484390.4197013,0.8,0.42999999999999994,1498
1749484391.340283,0.6,0.426,1499
1749484392.3098023,0.8,0.39000000000000007,1500
1749484393.2325041,0.6,0.41400000000000015,1501
1749484394.1380663,0.4,0.4360000000000001,1502
1749484395.0704787,0.6,0.37799999999999995,1503
1749484396.0242927,0.2,0.3920000000000001,1504
1749484396.9231102,1.0,0.38400000000000006,1505
1749484397.804379,0.6,0.38600000000000007,1506
1749484398.7135375,0.4,0.42400000000000004,1507
1749484399.6316385,0.6,0.3999999999999999,1508
1749484400.5411077,0.2,0.3960000000000001,1509
1749484401.487832,0.6,0.38,1510
1749484402.3683214,0.6,0.41600000000000004,1511
1749484405.8093982,0.2,0.37800000000000006,1512
1749484406.781186,0.8,0.406,1513
1749484407.667544,0.6,0.37400000000000005,1514
1749484408.6042562,0.4,0.4060000000000001,1515
1749484409.5582314,0.6,0.4260000000000001,1516
1749484410.4860625,0.4,0.38199999999999995,1517
1749484411.443432,0.6,0.424,1518
1749484412.4007127,0.8,0.4319999999999999,1519
1749484413.331534,0.8,0.39799999999999996,1520
1749484414.2568157,0.6,0.42400000000000015,1521
1749484415.1382718,0.8,0.338,1522
1749484416.0137088,0.8,0.36,1523
1749484416.9554722,0.4,0.424,1524
1749484417.8891966,0.2,0.398,1525
1749484418.8195763,0.6,0.44000000000000006,1526
1749484419.761084,0.4,0.35400000000000004,1527
1749484420.6196,0.6,0.43199999999999994,1528
1749484421.5156193,0.4,0.396,1529
1749484422.4366238,0.4,0.41200000000000003,1530
1749484423.3334215,0.6,0.4260000000000001,1531
1749484424.2472928,0.2,0.38000000000000006,1532
1749484425.2384393,1.0,0.42800000000000005,1533
1749484426.1318743,0.8,0.4420000000000001,1534
1749484427.0463626,0.4,0.42,1535
1749484427.937249,0.2,0.39799999999999996,1536
1749484428.9060142,0.6,0.45,1537
1749484432.326632,0.6,0.3880000000000001,1538
1749484433.2476811,0.2,0.406,1539
1749484434.1596277,0.8,0.43799999999999994,1540
1749484435.1014576,0.4,0.39000000000000007,1541
1749484436.0718055,0.6,0.43200000000000005,1542
1749484437.013177,0.6,0.45,1543
1749484437.927138,0.6,0.45599999999999996,1544
1749484438.8552852,0.8,0.43800000000000006,1545
1749484439.765492,0.4,0.43400000000000005,1546
1749484440.6730788,1.0,0.41600000000000004,1547
1749484441.610287,0.6,0.392,1548
1749484442.492768,1.0,0.4220000000000001,1549
1749484443.4349225,0.6,0.43400000000000005,1550
1749484444.348806,0.2,0.47,1551
1749484445.2899992,0.4,0.364,1552
1749484446.2428102,0.8,0.39599999999999996,1553
1749484447.1683977,1.0,0.4660000000000001,1554
1749484448.101048,0.4,0.426,1555
1749484449.0302424,0.8,0.4,1556
1749484449.9370852,0.4,0.3999999999999999,1557
1749484450.8074954,0.8,0.39399999999999996,1558
1749484451.726834,0.4,0.4099999999999999,1559
1749484452.6322773,0.4,0.41200000000000003,1560
1749484453.56184,0.8,0.402,1561
1749484454.4730365,0.8,0.39799999999999996,1562
1749484455.3998353,0.4,0.4060000000000001,1563
1749484458.836748,0.8,0.38600000000000007,1564
1749484459.7807388,0.4,0.4059999999999999,1565
1749484460.6854439,0.8,0.406,1566
1749484461.6110175,0.6,0.36800000000000005,1567
1749484462.5510035,0.4,0.4640000000000001,1568
1749484463.4771154,0.4,0.38400000000000006,1569
1749484464.385009,0.4,0.40800000000000014,1570
1749484465.3360813,0.0,0.3620000000000001,1571
1749484466.2408378,0.2,0.4060000000000001,1572
1749484467.183276,0.4,0.43199999999999994,1573
1749484468.1026592,0.6,0.40199999999999997,1574
1749484469.06046,0.6,0.43400000000000005,1575
1749484470.0127423,0.6,0.4260000000000001,1576
1749484470.937302,0.6,0.472,1577
1749484471.8559349,0.8,0.39799999999999996,1578
1749484472.8031855,0.0,0.4440000000000001,1579
1749484473.740216,0.4,0.376,1580
1749484474.6196525,0.8,0.468,1581
1749484475.5173182,0.6,0.442,1582
1749484476.4464774,0.2,0.43400000000000005,1583
1749484477.376908,0.4,0.452,1584
1749484478.280891,0.8,0.43800000000000006,1585
1749484479.2124023,0.6,0.47600000000000003,1586
1749484480.123188,0.6,0.4260000000000001,1587
1749484480.990109,0.6,0.456,1588
1749484481.920925,1.0,0.44000000000000006,1589
1749484485.3204184,0.2,0.38400000000000006,1590
1749484486.2482924,0.2,0.392,1591
1749484487.2122552,0.8,0.402,1592
1749484488.1493669,0.4,0.41600000000000004,1593
1749484489.0889096,0.4,0.38800000000000007,1594
1749484490.0987976,0.0,0.40199999999999997,1595
1749484491.037202,0.8,0.384,1596
1749484491.9389532,0.6,0.44799999999999995,1597
1749484492.827807,1.0,0.452,1598
1749484493.6800237,0.4,0.42,1599
1749484494.5651867,0.6,0.41800000000000004,1600
1749484495.458893,0.8,0.4220000000000001,1601
1749484496.3466296,0.8,0.43800000000000006,1602
1749484497.3047442,0.2,0.42,1603
1749484498.1990876,0.4,0.3940000000000001,1604
1749484499.1505752,0.8,0.43,1605
1749484500.0825977,0.2,0.41400000000000003,1606
1749484501.0162141,0.6,0.42,1607
1749484501.8971522,0.6,0.44799999999999995,1608
1749484502.797243,0.4,0.38600000000000007,1609
1749484503.6908338,0.6,0.406,1610
1749484504.6353526,0.2,0.38799999999999996,1611
1749484505.5614188,0.6,0.418,1612
1749484506.4276824,0.2,0.45,1613
1749484507.3086233,0.6,0.368,1614
1749484508.2120895,0.6,0.40000000000000013,1615
1749484511.6550481,0.2,0.45799999999999996,1616
1749484512.5849607,0.4,0.43200000000000005,1617
1749484513.529872,0.6,0.3440000000000001,1618
1749484514.4207294,0.2,0.392,1619
1749484515.3317235,0.4,0.3420000000000001,1620
1749484516.2463884,0.4,0.382,1621
1749484517.164953,0.4,0.4020000000000001,1622
1749484518.095617,0.8,0.36800000000000005,1623
1749484519.0584583,0.4,0.3680000000000001,1624
1749484520.0427663,0.4,0.4040000000000001,1625
1749484520.92895,0.8,0.4180000000000001,1626
1749484521.8623567,0.6,0.40800000000000003,1627
1749484522.7739356,0.8,0.35,1628
1749484523.687725,0.8,0.41,1629
1749484524.623751,0.4,0.43199999999999994,1630
1749484525.5485888,0.8,0.46,1631
1749484526.4640784,0.8,0.4280000000000001,1632
1749484527.4196746,0.6,0.46399999999999997,1633
1749484528.3886492,0.6,0.4059999999999999,1634
1749484529.3436265,0.6,0.436,1635
1749484530.2583141,0.2,0.424,1636
1749484531.2292075,0.8,0.436,1637
1749484532.2092948,0.8,0.43000000000000005,1638
1749484533.1430612,0.4,0.44199999999999995,1639
1749484534.0768027,0.4,0.41200000000000003,1640
1749484535.0000575,0.4,0.436,1641
1749484538.4709198,1.0,0.436,1642
1749484539.4092586,1.0,0.49200000000000005,1643
1749484540.4048758,0.4,0.402,1644
1749484541.390516,0.6,0.466,1645
1749484542.3537471,0.8,0.46199999999999997,1646
1749484543.291569,0.6,0.42400000000000004,1647
1749484544.205672,0.2,0.48200000000000004,1648
1749484545.1495235,0.6,0.4120000000000001,1649
1749484546.0539994,0.8,0.386,1650
1749484546.9998925,0.6,0.40800000000000003,1651
1749484547.904004,0.2,0.41200000000000003,1652
1749484548.908111,1.0,0.376,1653
1749484549.8326712,0.8,0.4,1654
1749484550.7639985,0.0,0.414,1655
1749484551.7099128,0.6,0.43800000000000017,1656
1749484552.6755965,0.4,0.3960000000000001,1657
1749484553.646549,1.0,0.42800000000000005,1658
1749484554.58319,0.0,0.43000000000000005,1659
1749484555.5398223,0.8,0.46599999999999997,1660
1749484556.4545865,0.8,0.436,1661
1749484557.3820994,0.6,0.42400000000000004,1662
1749484558.304454,1.0,0.44,1663
1749484559.2270055,0.6,0.486,1664
1749484560.152791,0.4,0.48200000000000004,1665
1749484561.089537,0.4,0.408,1666
1749484562.0462947,0.4,0.3960000000000001,1667
1749484565.5300438,0.4,0.376,1668
1749484566.4710941,0.2,0.4180000000000001,1669
1749484567.424843,0.6,0.32800000000000007,1670
1749484568.3890998,0.6,0.35,1671
1749484569.2940109,0.4,0.4100000000000001,1672
1749484570.2670531,0.2,0.40800000000000014,1673
1749484571.2241583,0.4,0.336,1674
1749484572.1745036,0.6,0.402,1675
1749484573.1255045,0.2,0.39799999999999996,1676
1749484574.0653617,0.4,0.398,1677
1749484574.9921064,0.4,0.376,1678
1749484575.9401748,0.6,0.34000000000000014,1679
1749484576.8941472,0.4,0.3960000000000001,1680
1749484577.8708537,0.2,0.40199999999999997,1681
1749484578.8458755,0.4,0.4060000000000001,1682
1749484579.822171,0.8,0.4040000000000001,1683
1749484580.7536893,0.4,0.3740000000000001,1684
1749484581.6985247,0.8,0.40800000000000003,1685
1749484582.6489754,0.4,0.36400000000000005,1686
1749484583.5918984,0.4,0.366,1687
1749484584.5541377,0.8,0.386,1688
1749484585.4960473,0.4,0.45,1689
1749484586.4526575,0.4,0.4020000000000001,1690
1749484587.357285,0.8,0.43,1691
1749484588.3068926,0.4,0.402,1692
1749484589.2378914,0.4,0.35800000000000004,1693
1749484592.735543,0.4,0.376,1694
1749484593.703926,0.8,0.39,1695
1749484594.6208608,0.2,0.46,1696
1749484595.5914693,0.2,0.43200000000000005,1697
1749484596.5414202,0.8,0.42,1698
1749484597.520101,0.8,0.382,1699
1749484598.4874997,0.6,0.436,1700
1749484599.4670615,0.8,0.44,1701
1749484600.4160535,0.6,0.396,1702
1749484601.3466043,0.8,0.368,1703
1749484602.284928,0.6,0.4,1704
1749484603.215493,0.8,0.43200000000000005,1705
1749484604.175885,0.0,0.37800000000000006,1706
1749484605.1298306,0.4,0.41400000000000003,1707
1749484606.0693045,0.4,0.452,1708
1749484607.0526698,0.6,0.444,1709
1749484607.9767754,0.6,0.39599999999999996,1710
1749484608.9797132,0.4,0.43800000000000006,1711
1749484609.8992963,0.2,0.42800000000000005,1712
1749484610.852301,0.4,0.4260000000000001,1713
1749484611.8062327,0.2,0.39199999999999996,1714
1749484612.772629,0.6,0.39799999999999996,1715
1749484613.6836333,0.6,0.4,1716
1749484614.623448,0.0,0.42,1717
1749484615.6038704,0.2,0.414,1718
1749484616.501775,0.4,0.39799999999999996,1719
1749484620.128076,0.4,0.42,1720
1749484621.0955489,0.4,0.4320000000000001,1721
1749484622.0704167,0.6,0.44599999999999995,1722
1749484623.0030642,0.8,0.45400000000000007,1723
1749484623.9856663,0.2,0.42400000000000004,1724
1749484624.971655,0.4,0.36199999999999993,1725
1749484625.942015,0.6,0.3940000000000001,1726
1749484626.8999183,0.6,0.40399999999999997,1727
1749484627.8157115,0.2,0.436,1728
1749484628.7668428,0.2,0.376,1729
1749484629.6938524,0.6,0.4,1730
1749484630.6192043,0.2,0.42600000000000016,1731
1749484631.5053885,0.6,0.35,1732
1749484632.4322474,0.6,0.43000000000000005,1733
1749484633.4219084,0.4,0.37199999999999994,1734
1749484634.371818,0.8,0.3520000000000001,1735
1749484635.3027108,0.4,0.41,1736
1749484636.255517,0.2,0.3739999999999999,1737
1749484637.177445,0.4,0.38600000000000007,1738
1749484638.101722,0.4,0.3760000000000001,1739
1749484638.9884787,0.6,0.43400000000000005,1740
1749484639.9270191,0.2,0.48400000000000015,1741
1749484640.83817,1.0,0.38600000000000007,1742
1749484641.7583604,0.2,0.36,1743
1749484642.6799693,0.6,0.35400000000000004,1744
1749484643.6009605,0.8,0.37199999999999994,1745
1749484647.0495284,0.8,0.4100000000000001,1746
1749484648.007185,0.4,0.43200000000000005,1747
1749484648.9031925,0.2,0.41600000000000004,1748
1749484649.8265798,0.6,0.38599999999999995,1749
1749484650.7570214,0.4,0.3760000000000001,1750
1749484651.6367714,0.6,0.374,1751
1749484652.5406482,0.6,0.434,1752
1749484653.478805,0.4,0.398,1753
1749484654.4206786,0.4,0.3939999999999999,1754
1749484655.3609147,0.4,0.402,1755
1749484656.292865,0.6,0.36200000000000004,1756
1749484657.228531,0.8,0.426,1757
1749484658.1910293,0.6,0.3820000000000001,1758
1749484659.1368866,0.8,0.36,1759
1749484660.0662935,0.6,0.376,1760
1749484660.9356744,0.2,0.392,1761
1749484661.8291805,0.8,0.39,1762
1749484662.7940147,0.4,0.384,1763
1749484663.7431011,0.2,0.384,1764
1749484664.697726,0.2,0.39199999999999996,1765
1749484665.7112057,0.2,0.3960000000000001,1766
1749484666.7178462,0.6,0.392,1767
1749484667.6660492,0.2,0.424,1768
1749484668.55566,0.2,0.396,1769
1749484669.6389701,0.8,0.38799999999999996,1770
1749484673.0314043,0.6,0.3920000000000001,1771
1749484673.9939306,0.8,0.43799999999999994,1772
1749484674.989496,0.4,0.414,1773
1749484675.9306839,0.2,0.414,1774
1749484676.8847926,1.0,0.4020000000000001,1775
1749484677.8369086,0.2,0.40399999999999997,1776
1749484678.8348753,0.4,0.398,1777
1749484679.8089464,0.6,0.37,1778
1749484680.7362256,0.6,0.42,1779
1749484681.659306,0.8,0.39799999999999996,1780
1749484682.5974233,0.6,0.402,1781
1749484683.5175204,0.8,0.3940000000000001,1782
1749484684.5116827,0.4,0.366,1783
1749484685.4553025,0.6,0.3960000000000001,1784
1749484686.3901489,0.6,0.36,1785
1749484687.3548996,0.8,0.312,1786
1749484688.305556,0.8,0.342,1787
1749484689.2535145,0.6,0.36200000000000004,1788
1749484690.1696093,0.6,0.3760000000000001,1789
1749484691.1561089,0.4,0.3920000000000001,1790
1749484692.1001022,0.2,0.4000000000000001,1791
1749484693.1104734,0.2,0.3640000000000001,1792
1749484694.0895662,0.8,0.396,1793
1749484695.0412865,0.4,0.36,1794
1749484696.0077562,0.6,0.39399999999999996,1795
1749484696.9524364,0.4,0.39,1796
1749484700.3563147,1.0,0.44599999999999995,1797
1749484701.3320973,0.2,0.3760000000000001,1798
1749484702.2921042,0.6,0.43200000000000005,1799
1749484703.2530234,0.8,0.446,1800
1749484704.1650798,0.8,0.39800000000000013,1801
1749484705.0977254,0.8,0.43400000000000005,1802
1749484706.056881,0.4,0.444,1803
1749484707.0057588,0.6,0.39000000000000007,1804
1749484707.976505,0.6,0.426,1805
1749484708.9058936,0.4,0.43799999999999994,1806
1749484709.8221555,0.0,0.41800000000000004,1807
1749484710.7525434,0.6,0.42200000000000004,1808
1749484711.7213361,0.6,0.37400000000000005,1809
1749484712.6939223,0.2,0.36199999999999993,1810
1749484713.6632133,0.6,0.36800000000000005,1811
1749484714.6857796,0.4,0.4020000000000001,1812
1749484715.6334274,0.8,0.384,1813
1749484716.5657964,0.4,0.41400000000000003,1814
1749484717.5312395,0.4,0.43,1815
1749484718.4619837,0.4,0.3940000000000001,1816
1749484719.4407518,0.2,0.426,1817
1749484720.4258356,0.6,0.4200000000000001,1818
1749484721.3321836,0.6,0.39199999999999996,1819
1749484722.2805517,0.8,0.442,1820
1749484723.222937,1.0,0.418,1821
1749484724.2142985,0.8,0.436,1822
1749484727.7387824,0.6,0.44599999999999995,1823
1749484728.6925263,0.8,0.3940000000000001,1824
1749484729.6635654,0.2,0.42400000000000004,1825
1749484730.648293,0.4,0.4,1826
1749484731.6369212,0.6,0.40199999999999997,1827
1749484732.6097224,0.4,0.384,1828
1749484733.5769198,0.8,0.386,1829
1749484734.555605,0.6,0.37800000000000006,1830
1749484735.529353,0.6,0.40800000000000003,1831
1749484736.5994833,0.6,0.37400000000000005,1832
1749484737.5589194,0.6,0.42599999999999993,1833
1749484738.5273278,0.6,0.40800000000000003,1834
1749484739.504574,0.8,0.442,1835
1749484740.4708376,0.6,0.45799999999999996,1836
1749484741.4296668,0.8,0.442,1837
1749484742.3887978,0.2,0.38799999999999996,1838
1749484743.631787,0.2,0.43799999999999994,1839
1749484744.5827804,0.6,0.45600000000000007,1840
1749484745.5493193,0.4,0.386,1841
1749484746.5191793,0.8,0.43,1842
1749484747.487358,0.4,0.374,1843
1749484748.4043844,0.2,0.4320000000000001,1844
1749484749.3204923,0.4,0.44800000000000006,1845
1749484750.3081799,0.6,0.39,1846
1749484751.2571816,0.6,0.402,1847
1749484752.1920338,0.4,0.3559999999999999,1848
1749484755.7301388,0.0,0.36,1849
1749484756.728817,0.6,0.38800000000000007,1850
1749484757.6929522,0.6,0.33600000000000013,1851
1749484758.642214,0.8,0.33799999999999997,1852
1749484759.613573,0.4,0.392,1853
1749484760.6161888,0.6,0.428,1854
1749484761.5800774,0.2,0.3739999999999999,1855
1749484762.543744,0.4,0.38,1856
1749484763.5624774,0.2,0.3880000000000001,1857
1749484764.550641,0.6,0.382,1858
1749484765.5165627,0.8,0.452,1859
1749484766.5226772,0.8,0.42200000000000004,1860
1749484767.512271,0.2,0.518,1861
1749484768.5006807,0.6,0.43799999999999994,1862
1749484769.4759312,0.8,0.43800000000000006,1863
1749484770.4369817,0.8,0.49599999999999994,1864
1749484771.419367,0.8,0.44,1865
1749484772.3723042,0.6,0.45,1866
1749484773.3127131,0.4,0.42,1867
1749484774.2571516,0.4,0.42200000000000004,1868
1749484775.2073724,0.2,0.428,1869
1749484776.1295638,0.0,0.402,1870
1749484777.1088965,0.4,0.41600000000000004,1871
1749484778.0537837,0.2,0.40800000000000003,1872
1749484778.9509954,0.6,0.446,1873
1749484779.8983781,0.8,0.412,1874
1749484780.8272583,0.8,0.444,1875
1749484784.3670888,0.8,0.45399999999999996,1876
1749484785.3447742,0.8,0.4040000000000001,1877
1749484786.335297,0.2,0.35200000000000004,1878
1749484787.2863386,0.4,0.37200000000000005,1879
1749484788.2123604,0.4,0.4159999999999999,1880
1749484789.1693687,0.8,0.35,1881
1749484790.0875883,0.6,0.35400000000000015,1882
1749484791.0595243,0.6,0.396,1883
1749484792.003834,0.4,0.38000000000000006,1884
1749484792.921418,0.6,0.34199999999999997,1885
1749484793.8993268,0.2,0.39000000000000007,1886
1749484795.1000657,0.8,0.37800000000000006,1887
1749484796.06449,0.4,0.3560000000000001,1888
1749484796.9977658,0.6,0.38199999999999995,1889
1749484798.0541787,0.6,0.3960000000000001,1890
1749484799.0304077,0.6,0.308,1891
1749484799.9801376,0.0,0.386,1892
1749484801.3249981,0.8,0.39,1893
1749484802.277296,0.4,0.37999999999999995,1894
1749484803.236931,0.4,0.3660000000000001,1895
1749484804.1953676,0.4,0.3439999999999999,1896
1749484805.129931,0.4,0.396,1897
1749484806.0584483,0.6,0.4000000000000001,1898
1749484806.9687293,0.6,0.40800000000000003,1899
1749484807.9064167,0.6,0.38000000000000006,1900
1749484808.910937,0.0,0.36,1901
1749484812.3861554,0.4,0.36400000000000005,1902
1749484813.3527346,0.6,0.396,1903
1749484814.354247,0.6,0.39599999999999996,1904
1749484815.3109775,0.4,0.37800000000000006,1905
1749484816.2839282,0.6,0.426,1906
1749484817.289197,0.6,0.468,1907
1749484818.3060093,1.0,0.44,1908
1749484819.2397928,0.4,0.44,1909
1749484820.2502484,0.6,0.38,1910
1749484821.2438745,0.6,0.4200000000000001,1911
1749484822.2215662,0.4,0.41200000000000003,1912
1749484823.2403047,0.8,0.41600000000000004,1913
1749484824.2226136,0.6,0.42800000000000005,1914
1749484825.254332,0.4,0.402,1915
1749484826.2555747,0.6,0.428,1916
1749484827.222355,0.6,0.40800000000000003,1917
1749484828.210714,0.6,0.39199999999999996,1918
1749484829.1907392,0.4,0.39799999999999996,1919
1749484830.1950629,0.6,0.48800000000000004,1920
1749484831.1819603,0.4,0.41,1921
1749484832.1708908,0.6,0.48999999999999994,1922
1749484833.1620529,0.8,0.47800000000000004,1923
1749484834.109327,0.6,0.43400000000000005,1924
1749484835.0643225,0.8,0.434,1925
1749484836.0305889,0.6,0.47800000000000004,1926
1749484837.050677,0.0,0.48599999999999993,1927
1749484840.587393,0.6,0.41,1928
1749484841.560719,1.0,0.38800000000000007,1929
1749484842.571618,0.8,0.42199999999999993,1930
1749484843.54254,0.6,0.4200000000000001,1931
1749484844.5361915,0.4,0.3999999999999999,1932
1749484845.5435107,0.2,0.4260000000000001,1933
1749484846.5521739,0.6,0.43,1934
1749484847.5922375,0.4,0.40800000000000003,1935
1749484848.60405,0.4,0.43400000000000005,1936
1749484849.5946093,0.8,0.39799999999999996,1937
1749484850.6186945,0.6,0.3920000000000001,1938
1749484851.5753891,0.8,0.43800000000000006,1939
1749484852.5629983,0.6,0.38800000000000007,1940
1749484853.542806,0.4,0.424,1941
1749484854.5778625,0.6,0.402,1942
1749484855.5837953,0.4,0.47400000000000003,1943
1749484856.5835905,0.8,0.466,1944
1749484857.5574,0.6,0.44599999999999995,1945
1749484858.5582469,0.6,0.45400000000000007,1946
1749484859.5576196,0.6,0.4000000000000001,1947
1749484860.6480527,0.6,0.396,1948
1749484861.6578937,0.8,0.3920000000000001,1949
1749484862.5972643,0.8,0.382,1950
1749484863.569911,0.4,0.4100000000000001,1951
1749484864.5587606,0.8,0.434,1952
1749484865.5789855,0.6,0.42800000000000005,1953
1749484869.1230934,0.4,0.4100000000000001,1954
1749484870.140064,0.4,0.42199999999999993,1955
1749484871.0904658,0.6,0.41600000000000004,1956
1749484872.0960622,0.6,0.37800000000000006,1957
1749484873.0949955,0.2,0.43200000000000005,1958
1749484874.0912886,0.6,0.424,1959
1749484875.0789864,0.8,0.41800000000000004,1960
1749484876.0945067,1.0,0.43,1961
1749484877.1014016,0.4,0.412,1962
1749484878.0958526,0.2,0.42599999999999993,1963
1749484879.0820951,0.6,0.386,1964
1749484879.9876785,0.4,0.41600000000000004,1965
1749484880.9751496,0.6,0.426,1966
1749484881.9827945,0.8,0.426,1967
1749484882.9470782,0.4,0.4320000000000001,1968
1749484883.9938407,0.6,0.42800000000000005,1969
1749484884.9668334,0.8,0.5,1970
1749484885.9644797,0.4,0.48,1971
1749484886.9799247,0.8,0.44400000000000006,1972
1749484887.9974504,0.6,0.43800000000000006,1973
1749484888.9504855,0.6,0.406,1974
1749484889.9841776,0.2,0.41200000000000003,1975
1749484890.978716,0.4,0.47200000000000003,1976
1749484891.9342859,0.2,0.456,1977
1749484892.9120853,0.6,0.44600000000000006,1978
1749484893.9293532,0.4,0.41600000000000004,1979
1749484897.4649758,0.6,0.44800000000000006,1980
1749484898.458006,0.6,0.414,1981
1749484899.4484782,0.8,0.43199999999999994,1982
1749484900.457789,0.6,0.41200000000000003,1983
1749484901.4663677,0.6,0.3940000000000001,1984
1749484902.4683049,0.8,0.4679999999999999,1985
1749484903.5160623,0.6,0.45000000000000007,1986
1749484904.4826102,0.6,0.44,1987
1749484905.4405975,0.8,0.43199999999999994,1988
1749484906.4122708,0.6,0.45799999999999996,1989
1749484907.4090688,0.6,0.414,1990
1749484908.3903747,0.4,0.4260000000000001,1991
1749484909.3530655,0.8,0.4060000000000001,1992
1749484910.3570259,0.6,0.40399999999999997,1993
1749484911.3708463,0.4,0.3320000000000001,1994
1749484912.390802,0.4,0.45000000000000007,1995
1749484913.426806,0.6,0.342,1996
1749484914.4340491,0.6,0.424,1997
1749484915.4417284,0.4,0.42200000000000015,1998
1749484916.4324977,0.6,0.436,1999
1749484917.4160469,0.6,0.3720000000000001,2000
